Item,Reference,Value,MPN,Description,Distributor,Pkg Type,Footprint,Notes
1,ANT1,NN03-310,NN03-310,"Ignion TRIO mXTENDT (NN03-310),GSM, UMTS, LTE, LTE-M, NB-IoT, 5G, GNSS, Bluetooth, 400-8000MHz, 30X3X1mm",M-128-NN03-310 ,SMD,FAE-ANT:XCVR_NN03-310,
2,ANT2,NN02-224,NN02-224 ,"Ignion RUN mXTENDâ„¢ (NN02-224) GNSS antenna, 824-8000 MHz",M-128-NN02-224 ,SMD,FAE-ANT:XCVR_NN02-224,
3,BUZ1,ST-025BH,ST-025BH,"BUZZER MAGN 3V 7.5X7.5 SMD, 2,7KHz, 8RdBA",D-433-1087-2-ND,SMD,FAE-BUZZ:ST-025BH_SOB,
4,C1,100n/50V,,CHIP CAP.CER. 100nF 50V 10% X7R 0402,FAE-043362,SMD,Capacitor_SMD:C_0402_1005Metric,
5,C2,10n/1kV,,CHIP CAP.CER. 10nF 1kV 10% X7R 1206,FAE-028470,SMD,Capacitor_SMD:C_1206_3216Metric,
6,C3,100n/50V,,CHIP CAP.CER. 100nF 50V 10% X7R 0402,FAE-043362,SMD,Capacitor_SMD:C_0402_1005Metric,
7,C4,100n/50V,,CHIP CAP.CER. 100nF 50V 10% X7R 0402,FAE-043362,SMD,Capacitor_SMD:C_0402_1005Metric,
8,C5,10n/50V,,CHIP CAP.CER. 10nF 50V 10% X7R 0402,FAE-101362,SMD,Capacitor_SMD:C_0402_1005Metric,
9,C6,10n/50V,,CHIP CAP.CER. 10nF 50V 10% X7R 0402,FAE-101362,SMD,Capacitor_SMD:C_0402_1005Metric,
10,C7,4.7u/35V,,CHIP CAP.CER. 4.7u 35V 10% X5R 0603,FAE-057733,SMD,Capacitor_SMD:C_0603_1608Metric,
11,C8,10u/10V,,CHIP CAP.CER. 10u 10V 10% X5R 0603,FAE-028168,SMD,Capacitor_SMD:C_0603_1608Metric,
12,C9,330p/10V,C0402C331K8RACTU,CHIP CAP.CER. 330p 10V 10% X7R 0402,M-80-C0402C331K8R ,SMD,Capacitor_SMD:C_0402_1005Metric,
13,C10,330p/10V,C0402C331K8RACTU,CHIP CAP.CER. 330p 10V 10% X7R 0402,M-80-C0402C331K8R ,SMD,Capacitor_SMD:C_0402_1005Metric,
14,C11,10u/10V,,CHIP CAP.CER. 10u 10V 10% X5R 0603,FAE-028168,SMD,Capacitor_SMD:C_0603_1608Metric,
15,C12,4.7u/10V,,CHIP CAP.CER. 4.7u 10V 10% X5R 0603,FAE-033362,SMD,Capacitor_SMD:C_0603_1608Metric,
16,C13,47u/50V,GXC1H470MCQ1GS,AL ORG POLR. 47u 50V 20% 8X10,M-647-GXC1H470MCQ1GS ,SMD,Capacitor_SMD:CP_Elec_8x10,
17,C14,10n/50V,,CHIP CAP.CER. 10nF 50V 10% X7R 0402,FAE-101362,SMD,Capacitor_SMD:C_0402_1005Metric,
18,C15,47n/25V,,CHIP CAP.CER. 47nF 25V 10% X7R 0402,FAE-029703,SMD,Capacitor_SMD:C_0402_1005Metric,
19,C16,47n/25V,,CHIP CAP.CER. 47nF 25V 10% X7R 0402,FAE-029703,SMD,Capacitor_SMD:C_0402_1005Metric,
20,C17,10u/50V,GRM21BR61H106KE43L,CHIP CAP.CER. 10u 50V 10% X5R 0805,M-81-GRM21BR61H106KE3L ,SMD,Capacitor_SMD:C_0805_2012Metric,
21,C18,10u/50V,GRM21BR61H106KE43L,CHIP CAP.CER. 10u 50V 10% X5R 0805,M-81-GRM21BR61H106KE3L ,SMD,Capacitor_SMD:C_0805_2012Metric,
22,C19,100n/50V,,CHIP CAP.CER. 100nF 50V 10% X7R 0402,FAE-043362,SMD,Capacitor_SMD:C_0402_1005Metric,
23,C20,1n/50V,,CHIP CAP.CER. 1nF 50V 10% X7R 0402,FAE-043572,SMD,Capacitor_SMD:C_0402_1005Metric,
24,C21,4.7u/10V,,CHIP CAP.CER. 4.7u 10V 10% X5R 0603,FAE-033362,SMD,Capacitor_SMD:C_0603_1608Metric,
25,C22,10u/25V,,CHIP CAP.CER. 10u 25V 20% X5R 0603,FAE-055937,SMD,Capacitor_SMD:C_0603_1608Metric,
26,C23,10u/25V,,CHIP CAP.CER. 10u 25V 20% X5R 0603,FAE-055937,SMD,Capacitor_SMD:C_0603_1608Metric,
27,C24,10u/50V,GRM21BR61H106KE43L,CHIP CAP.CER. 10u 50V 10% X5R 0805,M-81-GRM21BR61H106KE3L ,SMD,Capacitor_SMD:C_0805_2012Metric,
28,C25,10u/50V,GRM21BR61H106KE43L,CHIP CAP.CER. 10u 50V 10% X5R 0805,M-81-GRM21BR61H106KE3L ,SMD,Capacitor_SMD:C_0805_2012Metric,
29,C26,10u/50V,GRM21BR61H106KE43L,CHIP CAP.CER. 10u 50V 10% X5R 0805,M-81-GRM21BR61H106KE3L ,SMD,Capacitor_SMD:C_0805_2012Metric,
30,C27,100n/50V,,CHIP CAP.CER. 100nF 50V 10% X7R 0402,FAE-043362,SMD,Capacitor_SMD:C_0402_1005Metric,
31,C28,10u/25V,GRM188R61E106KA73D,CHIP CAP.CER. 10u 25V 10% X5R 0603,M-81-GRM188R61E106KA3D ,SMD,Capacitor_SMD:C_0603_1608Metric,
32,C29,10u/25V,GRM188R61E106KA73D,CHIP CAP.CER. 10u 25V 10% X5R 0603,M-81-GRM188R61E106KA3D ,SMD,Capacitor_SMD:C_0603_1608Metric,
33,C30,10u/25V,GRM188R61E106KA73D,CHIP CAP.CER. 10u 25V 10% X5R 0603,M-81-GRM188R61E106KA3D ,SMD,Capacitor_SMD:C_0603_1608Metric,
34,C31,10u/25V,GRM188R61E106KA73D,CHIP CAP.CER. 10u 25V 10% X5R 0603,M-81-GRM188R61E106KA3D ,SMD,Capacitor_SMD:C_0603_1608Metric,
35,C32,10u/25V,GRM188R61E106KA73D,CHIP CAP.CER. 10u 25V 10% X5R 0603,M-81-GRM188R61E106KA3D ,SMD,Capacitor_SMD:C_0603_1608Metric,
36,C33,100n/50V,,CHIP CAP.CER. 100nF 50V 10% X7R 0402,FAE-043362,SMD,Capacitor_SMD:C_0402_1005Metric,
37,C34,100n/50V,,CHIP CAP.CER. 100nF 50V 10% X7R 0402,FAE-043362,SMD,Capacitor_SMD:C_0402_1005Metric,
38,C35,100n/50V,,CHIP CAP.CER. 100nF 50V 10% X7R 0402,FAE-043362,SMD,Capacitor_SMD:C_0402_1005Metric,
39,C36,10p/50V,GCM1555C1H100JA16D,CHIP CAP.CER. 10p 50V 5% C0G 0402,FAE-043366,SMD,Capacitor_SMD:C_0402_1005Metric,
40,C37,220u/25V,UCM1E221MCL1GS,"EL POLR. 220u 25V 20% 6,3x7,7",M-647-UCM1E221MCL1GS ,SMD,Capacitor_SMD:CP_Elec_6.3x7.7,
41,C38,220u/25V,UCM1E221MCL1GS,"EL POLR. 220u 25V 20% 6,3x7,7",M-647-UCM1E221MCL1GS ,SMD,Capacitor_SMD:CP_Elec_6.3x7.7,
42,C39,NU,,CHIP CAP.CER. 100nF 50V 10% X7R 0402,FAE-043362,SMD,Capacitor_SMD:C_0402_1005Metric,NOT MOUNTED
43,C40,100n/50V,,CHIP CAP.CER. 100nF 50V 10% X7R 0402,FAE-043362,SMD,Capacitor_SMD:C_0402_1005Metric,
44,C41,1u/50V,,CHIP CAP.CER. 1u 50V 10% X7R 0805,FAE-027166,SMD,Capacitor_SMD:C_0805_2012Metric,
45,C42,1u/50V,,CHIP CAP.CER. 1u 50V 10% X7R 0805,FAE-027166,SMD,Capacitor_SMD:C_0805_2012Metric,
46,C43,1u/50V,,CHIP CAP.CER. 1u 50V 10% X7R 0805,FAE-027166,SMD,Capacitor_SMD:C_0805_2012Metric,
47,C44,100n/50V,,CHIP CAP.CER. 100nF 50V 10% X7R 0402,FAE-043362,SMD,Capacitor_SMD:C_0402_1005Metric,
48,C45,1u/25V,CL10B105KA8NNNC,CHIP CAP.CER. 1u 25V 10% X7R 0603,FAE-100573,SMD,Capacitor_SMD:C_0603_1608Metric,
49,C46,1u/25V,CL10B105KA8NNNC,CHIP CAP.CER. 1u 25V 10% X7R 0603,FAE-100573,SMD,Capacitor_SMD:C_0603_1608Metric,
50,C47,1u/25V,CL10B105KA8NNNC,CHIP CAP.CER. 1u 25V 10% X7R 0603,FAE-100573,SMD,Capacitor_SMD:C_0603_1608Metric,
51,C48,NU,,CHIP CAP.CER. 100nF 50V 10% X7R 0402,FAE-043362,SMD,Capacitor_SMD:C_0402_1005Metric,NOT MOUNTED
52,C49,100n/50V,,CHIP CAP.CER. 100nF 50V 10% X7R 0402,FAE-043362,SMD,Capacitor_SMD:C_0402_1005Metric,
53,C50,100n/50V,,CHIP CAP.CER. 100nF 50V 10% X7R 0402,FAE-043362,SMD,Capacitor_SMD:C_0402_1005Metric,
54,C51,100n/50V,,CHIP CAP.CER. 100nF 50V 10% X7R 0402,FAE-043362,SMD,Capacitor_SMD:C_0402_1005Metric,
55,C52,100n/50V,,CHIP CAP.CER. 100nF 50V 10% X7R 0402,FAE-043362,SMD,Capacitor_SMD:C_0402_1005Metric,
56,C53,10u/25V,GRM188R61E106KA73D,CHIP CAP.CER. 10u 25V 10% X5R 0603,M-81-GRM188R61E106KA3D ,SMD,Capacitor_SMD:C_0603_1608Metric,
57,C54,10u/25V,GRM188R61E106KA73D,CHIP CAP.CER. 10u 25V 10% X5R 0603,M-81-GRM188R61E106KA3D ,SMD,Capacitor_SMD:C_0603_1608Metric,
58,C55,100n/50V,,CHIP CAP.CER. 100nF 50V 10% X7R 0402,FAE-043362,SMD,Capacitor_SMD:C_0402_1005Metric,
59,C56,NU,GRM188R61E106KA73D,CHIP CAP.CER. 10u 25V 10% X5R 0603,M-81-GRM188R61E106KA3D ,SMD,Capacitor_SMD:C_0603_1608Metric,NOT MOUNTED
60,C57,10u/25V,GRM188R61E106KA73D,CHIP CAP.CER. 10u 25V 10% X5R 0603,M-81-GRM188R61E106KA3D ,SMD,Capacitor_SMD:C_0603_1608Metric,
61,C58,330p/25V,C0603C331J3HACAUTO ,CHIP CAP.CER. 330p 25V 5% X8R 0603,M-80-C0603C331J3HAUTO ,SMD,Capacitor_SMD:C_0603_1608Metric,
62,C59,22n/16V,0603YC223J4T2A ,CHIP CAP.CER. 22n 16V 5% X7R 0603,M-581-0603YC223J4T2A ,SMD,Capacitor_SMD:C_0603_1608Metric,
63,C60,100n/50V,,CHIP CAP.CER. 100nF 50V 10% X7R 0402,FAE-043362,SMD,Capacitor_SMD:C_0402_1005Metric,
64,C61,22u/16V,GRM21BC81C226ME44L,CHIP CAP.CER. 22u 16V 20% X6S 0805,M-81-GRM21BC81C226ME4L ,SMD,Capacitor_SMD:C_0805_2012Metric,
65,C62,22u/16V,GRM21BC81C226ME44L,CHIP CAP.CER. 22u 16V 20% X6S 0805,M-81-GRM21BC81C226ME4L ,SMD,Capacitor_SMD:C_0805_2012Metric,
66,C63,22u/16V,GRM21BC81C226ME44L,CHIP CAP.CER. 22u 16V 20% X6S 0805,M-81-GRM21BC81C226ME4L ,SMD,Capacitor_SMD:C_0805_2012Metric,
67,C64,10u/25V,GRM188R61E106KA73D,CHIP CAP.CER. 10u 25V 10% X5R 0603,M-81-GRM188R61E106KA3D ,SMD,Capacitor_SMD:C_0603_1608Metric,
68,C65,10u/25V,GRM188R61E106KA73D,CHIP CAP.CER. 10u 25V 10% X5R 0603,M-81-GRM188R61E106KA3D ,SMD,Capacitor_SMD:C_0603_1608Metric,
69,C66,100n/50V,,CHIP CAP.CER. 100nF 50V 10% X7R 0402,FAE-043362,SMD,Capacitor_SMD:C_0402_1005Metric,
70,C67,NU,GRM188R61E106KA73D,CHIP CAP.CER. 10u 25V 10% X5R 0603,M-81-GRM188R61E106KA3D ,SMD,Capacitor_SMD:C_0603_1608Metric,NOT MOUNTED
71,C68,10u/25V,GRM188R61E106KA73D,CHIP CAP.CER. 10u 25V 10% X5R 0603,M-81-GRM188R61E106KA3D ,SMD,Capacitor_SMD:C_0603_1608Metric,
72,C69,560p/25V,GRM1885C1E561JA01D,CHIP CAP.CER. 560p 25V 1% C0G 0603,M-81-GRM185C1E561JA01D ,SMD,Capacitor_SMD:C_0603_1608Metric,
73,C70,27n/25V,C0603C273J3RACAUTO,CHIP CAP.CER. 27n 25V 5% X7R 0603,M-80-C0603C273J3RAUTO ,SMD,Capacitor_SMD:C_0603_1608Metric,
74,C71,100n/50V,,CHIP CAP.CER. 100nF 50V 10% X7R 0402,FAE-043362,SMD,Capacitor_SMD:C_0402_1005Metric,
75,C72,22u/16V,GRM21BC81C226ME44L,CHIP CAP.CER. 22u 16V 20% X6S 0805,M-81-GRM21BC81C226ME4L ,SMD,Capacitor_SMD:C_0805_2012Metric,
76,C73,22u/16V,GRM21BC81C226ME44L,CHIP CAP.CER. 22u 16V 20% X6S 0805,M-81-GRM21BC81C226ME4L ,SMD,Capacitor_SMD:C_0805_2012Metric,
77,C74,22u/16V,GRM21BC81C226ME44L,CHIP CAP.CER. 22u 16V 20% X6S 0805,M-81-GRM21BC81C226ME4L ,SMD,Capacitor_SMD:C_0805_2012Metric,
78,C75,22u/16V,GRM21BC81C226ME44L,CHIP CAP.CER. 22u 16V 20% X6S 0805,M-81-GRM21BC81C226ME4L ,SMD,Capacitor_SMD:C_0805_2012Metric,
79,C76,10u/25V,GRM188R61E106KA73D,CHIP CAP.CER. 10u 25V 10% X5R 0603,M-81-GRM188R61E106KA3D ,SMD,Capacitor_SMD:C_0603_1608Metric,
80,C77,10u/25V,GRM188R61E106KA73D,CHIP CAP.CER. 10u 25V 10% X5R 0603,M-81-GRM188R61E106KA3D ,SMD,Capacitor_SMD:C_0603_1608Metric,
81,C78,3.3n/25V,8.85E+11,CHIP CAP.CER. 3.3nF 25V 10% X7R 0402,M-710-885012205047 ,SMD,Capacitor_SMD:C_0402_1005Metric,
82,C79,100n/50V,,CHIP CAP.CER. 100nF 50V 10% X7R 0402,FAE-043362,SMD,Capacitor_SMD:C_0402_1005Metric,
83,C80,22u/16V,KGM15CR51C226MT,CHIP CAP.CER. 22u 16V 20% X5R 0603,M-581-KGM15CR51C226MT ,SMD,Capacitor_SMD:C_0603_1608Metric,
84,C81,100n/50V,,CHIP CAP.CER. 100nF 50V 10% X7R 0402,FAE-043362,SMD,Capacitor_SMD:C_0402_1005Metric,
85,C82,100n/50V,,CHIP CAP.CER. 100nF 50V 10% X7R 0402,FAE-043362,SMD,Capacitor_SMD:C_0402_1005Metric,
86,C83,100n/50V,,CHIP CAP.CER. 100nF 50V 10% X7R 0402,FAE-043362,SMD,Capacitor_SMD:C_0402_1005Metric,
87,C84,100n/50V,,CHIP CAP.CER. 100nF 50V 10% X7R 0402,FAE-043362,SMD,Capacitor_SMD:C_0402_1005Metric,
88,C85,NU,,CHIP CAP.CER. 100nF 50V 10% X7R 0402,FAE-043362,SMD,Capacitor_SMD:C_0402_1005Metric,NOT MOUNTED
89,C86,NU,,CHIP CAP.CER. 100nF 50V 10% X7R 0402,FAE-043362,SMD,Capacitor_SMD:C_0402_1005Metric,NOT MOUNTED
90,C87,NU,,CHIP CAP.CER. 100nF 50V 10% X7R 0402,FAE-043362,SMD,Capacitor_SMD:C_0402_1005Metric,NOT MOUNTED
91,C88,NU,,CHIP CAP.CER. 100nF 50V 10% X7R 0402,FAE-043362,SMD,Capacitor_SMD:C_0402_1005Metric,NOT MOUNTED
92,C89,10u/10V,,CHIP CAP.CER. 10u 10V 10% X5R 0603,FAE-028168,SMD,Capacitor_SMD:C_0603_1608Metric,
93,C90,10u/10V,,CHIP CAP.CER. 10u 10V 10% X5R 0603,FAE-028168,SMD,Capacitor_SMD:C_0603_1608Metric,
94,C91,10u/10V,,CHIP CAP.CER. 10u 10V 10% X5R 0603,FAE-028168,SMD,Capacitor_SMD:C_0603_1608Metric,
95,C92,10u/10V,,CHIP CAP.CER. 10u 10V 10% X5R 0603,FAE-028168,SMD,Capacitor_SMD:C_0603_1608Metric,
96,C93,100n/50V,,CHIP CAP.CER. 100nF 50V 10% X7R 0402,FAE-043362,SMD,Capacitor_SMD:C_0402_1005Metric,
97,C94,100n/50V,,CHIP CAP.CER. 100nF 50V 10% X7R 0402,FAE-043362,SMD,Capacitor_SMD:C_0402_1005Metric,
98,C95,100n/50V,,CHIP CAP.CER. 100nF 50V 10% X7R 0402,FAE-043362,SMD,Capacitor_SMD:C_0402_1005Metric,
99,C96,NU,,CHIP CAP.CER. 100nF 50V 10% X7R 0402,FAE-043362,SMD,Capacitor_SMD:C_0402_1005Metric,NOT MOUNTED
100,C97,NU,,CHIP CAP.CER. 33pF 50V 5% C0G 0402,FAE-043360,SMD,Capacitor_SMD:C_0402_1005Metric,NOT MOUNTED
101,C98,NU,,CHIP CAP.CER. 33pF 50V 5% C0G 0402,FAE-043360,SMD,Capacitor_SMD:C_0402_1005Metric,NOT MOUNTED
102,C99,100n/50V,,CHIP CAP.CER. 100nF 50V 10% X7R 0402,FAE-043362,SMD,Capacitor_SMD:C_0402_1005Metric,
103,C100,10u/10V,,CHIP CAP.CER. 10u 10V 10% X5R 0603,FAE-028168,SMD,Capacitor_SMD:C_0603_1608Metric,
104,C101,100n/50V,,CHIP CAP.CER. 100nF 50V 10% X7R 0402,FAE-043362,SMD,Capacitor_SMD:C_0402_1005Metric,
105,C102,100n/50V,,CHIP CAP.CER. 100nF 50V 10% X7R 0402,FAE-043362,SMD,Capacitor_SMD:C_0402_1005Metric,
106,C103,10u/10V,,CHIP CAP.CER. 10u 10V 10% X5R 0603,FAE-028168,SMD,Capacitor_SMD:C_0603_1608Metric,
107,C104,100n/50V,,CHIP CAP.CER. 100nF 50V 10% X7R 0402,FAE-043362,SMD,Capacitor_SMD:C_0402_1005Metric,
108,C105,10u/10V,,CHIP CAP.CER. 10u 10V 10% X5R 0603,FAE-028168,SMD,Capacitor_SMD:C_0603_1608Metric,
109,C106,1.6p/50V,GJM1555C1H1R6WB01D ,CHIP CAP.CER. 1.6pF 50V +-0.05pF C0G 0402,M-81-GJM1555C1H1R6WB1D ,SMD,Capacitor_SMD:C_0402_1005Metric,
110,C107,0.4p/50V,GJM1555C1HR40WB01D,CHIP CAP.CER. 0.4p 50V +-0.05p C0G 0402,M-81-GJM1555C1HR40WB1D ,SMD,Capacitor_SMD:C_0402_1005Metric,
111,C108,0.5p/50V,GJM1555C1HR50WB01D,CHIP CAP.CER. 0.5p 50V +-0.05p C0G 0402,M-81-GJM1555C1HR50WB1D ,SMD,Capacitor_SMD:C_0402_1005Metric,
112,C109,0.3p/50V,GJM1555C1HR30WB01D,CHIP CAP.CER. 0.3p 50V +-0.05p C0G 0402,M-81-GJM1555C1HR30WB1D ,SMD,Capacitor_SMD:C_0402_1005Metric,
113,C110,100n/50V,,CHIP CAP.CER. 100nF 50V 10% X7R 0402,FAE-043362,SMD,Capacitor_SMD:C_0402_1005Metric,
114,C111,100n/50V,,CHIP CAP.CER. 100nF 50V 10% X7R 0402,FAE-043362,SMD,Capacitor_SMD:C_0402_1005Metric,
115,C112,100n/50V,,CHIP CAP.CER. 100nF 50V 10% X7R 0402,FAE-043362,SMD,Capacitor_SMD:C_0402_1005Metric,
116,C113,100n/50V,,CHIP CAP.CER. 100nF 50V 10% X7R 0402,FAE-043362,SMD,Capacitor_SMD:C_0402_1005Metric,
117,C114,1n/50V,,CHIP CAP.CER. 1nF 50V 10% X7R 0402,FAE-043572,SMD,Capacitor_SMD:C_0402_1005Metric,
118,C115,470mF/3.5V,FCS0V474ZFTBR24 ,SUPERCAP 0.7x8.5-470mF/3.5V,M-80-FCS0V474ZFTBR24 ,SMD,FAE-CAP:FCS0V474ZFTBR24_KEM,
119,C116,1u/25V,CL10B105KA8NNNC,CHIP CAP.CER. 1u 25V 10% X7R 0603,FAE-100573,SMD,Capacitor_SMD:C_0603_1608Metric,
120,C117,100n/50V,,CHIP CAP.CER. 100nF 50V 10% X7R 0402,FAE-043362,SMD,Capacitor_SMD:C_0402_1005Metric,
121,C118,100n/50V,,CHIP CAP.CER. 100nF 50V 10% X7R 0402,FAE-043362,SMD,Capacitor_SMD:C_0402_1005Metric,
122,C119,10u/10V,,CHIP CAP.CER. 10u 10V 10% X5R 0603,FAE-028168,SMD,Capacitor_SMD:C_0603_1608Metric,
123,C120,100n/50V,,CHIP CAP.CER. 100nF 50V 10% X7R 0402,FAE-043362,SMD,Capacitor_SMD:C_0402_1005Metric,
124,C121,1u/16V,GRM155C71C105KE11D ,CHIP CAP.CER. 1uF 16V 10% X7S 0402,M-81-GRM155C71C105KE1D ,SMD,Capacitor_SMD:C_0402_1005Metric,
125,C122,100n/50V,,CHIP CAP.CER. 100nF 50V 10% X7R 0402,FAE-043362,SMD,Capacitor_SMD:C_0402_1005Metric,
126,C123,100n/50V,,CHIP CAP.CER. 100nF 50V 10% X7R 0402,FAE-043362,SMD,Capacitor_SMD:C_0402_1005Metric,
127,C124,100n/50V,,CHIP CAP.CER. 100nF 50V 10% X7R 0402,FAE-043362,SMD,Capacitor_SMD:C_0402_1005Metric,
128,C125,100n/50V,,CHIP CAP.CER. 100nF 50V 10% X7R 0402,FAE-043362,SMD,Capacitor_SMD:C_0402_1005Metric,
129,C126,100n/50V,,CHIP CAP.CER. 100nF 50V 10% X7R 0402,FAE-043362,SMD,Capacitor_SMD:C_0402_1005Metric,
130,C127,1u/16V,GRM155C71C105KE11D ,CHIP CAP.CER. 1uF 16V 10% X7S 0402,M-81-GRM155C71C105KE1D ,SMD,Capacitor_SMD:C_0402_1005Metric,
131,C128,100n/50V,,CHIP CAP.CER. 100nF 50V 10% X7R 0402,FAE-043362,SMD,Capacitor_SMD:C_0402_1005Metric,
132,C129,100n/50V,,CHIP CAP.CER. 100nF 50V 10% X7R 0402,FAE-043362,SMD,Capacitor_SMD:C_0402_1005Metric,
133,C130,100n/50V,,CHIP CAP.CER. 100nF 50V 10% X7R 0402,FAE-043362,SMD,Capacitor_SMD:C_0402_1005Metric,
134,C131,100n/50V,,CHIP CAP.CER. 100nF 50V 10% X7R 0402,FAE-043362,SMD,Capacitor_SMD:C_0402_1005Metric,
135,C132,1u/16V,GRM155C71C105KE11D ,CHIP CAP.CER. 1uF 16V 10% X7S 0402,M-81-GRM155C71C105KE1D ,SMD,Capacitor_SMD:C_0402_1005Metric,
136,C133,100n/50V,,CHIP CAP.CER. 100nF 50V 10% X7R 0402,FAE-043362,SMD,Capacitor_SMD:C_0402_1005Metric,
137,C134,100n/50V,,CHIP CAP.CER. 100nF 50V 10% X7R 0402,FAE-043362,SMD,Capacitor_SMD:C_0402_1005Metric,
138,C135,100n/50V,,CHIP CAP.CER. 100nF 50V 10% X7R 0402,FAE-043362,SMD,Capacitor_SMD:C_0402_1005Metric,
139,C136,100n/50V,,CHIP CAP.CER. 100nF 50V 10% X7R 0402,FAE-043362,SMD,Capacitor_SMD:C_0402_1005Metric,
140,C137,1u/16V,GRM155C71C105KE11D ,CHIP CAP.CER. 1uF 16V 10% X7S 0402,M-81-GRM155C71C105KE1D ,SMD,Capacitor_SMD:C_0402_1005Metric,
141,C138,100n/50V,,CHIP CAP.CER. 100nF 50V 10% X7R 0402,FAE-043362,SMD,Capacitor_SMD:C_0402_1005Metric,
142,C139,1u/16V,GRM155C71C105KE11D ,CHIP CAP.CER. 1uF 16V 10% X7S 0402,M-81-GRM155C71C105KE1D ,SMD,Capacitor_SMD:C_0402_1005Metric,
143,C140,100n/50V,,CHIP CAP.CER. 100nF 50V 10% X7R 0402,FAE-043362,SMD,Capacitor_SMD:C_0402_1005Metric,
144,C141,100n/50V,,CHIP CAP.CER. 100nF 50V 10% X7R 0402,FAE-043362,SMD,Capacitor_SMD:C_0402_1005Metric,
145,C142,100n/50V,,CHIP CAP.CER. 100nF 50V 10% X7R 0402,FAE-043362,SMD,Capacitor_SMD:C_0402_1005Metric,
146,C143,100n/50V,,CHIP CAP.CER. 100nF 50V 10% X7R 0402,FAE-043362,SMD,Capacitor_SMD:C_0402_1005Metric,
147,C144,1u/16V,GRM155C71C105KE11D ,CHIP CAP.CER. 1uF 16V 10% X7S 0402,M-81-GRM155C71C105KE1D ,SMD,Capacitor_SMD:C_0402_1005Metric,
148,C145,100n/50V,,CHIP CAP.CER. 100nF 50V 10% X7R 0402,FAE-043362,SMD,Capacitor_SMD:C_0402_1005Metric,
149,C146,10u/10V,,CHIP CAP.CER. 10u 10V 10% X5R 0603,FAE-028168,SMD,Capacitor_SMD:C_0603_1608Metric,
150,C147,100n/50V,,CHIP CAP.CER. 100nF 50V 10% X7R 0402,FAE-043362,SMD,Capacitor_SMD:C_0402_1005Metric,
151,C148,100n/50V,,CHIP CAP.CER. 100nF 50V 10% X7R 0402,FAE-043362,SMD,Capacitor_SMD:C_0402_1005Metric,
152,C149,100n/50V,,CHIP CAP.CER. 100nF 50V 10% X7R 0402,FAE-043362,SMD,Capacitor_SMD:C_0402_1005Metric,
153,C150,100n/50V,,CHIP CAP.CER. 100nF 50V 10% X7R 0402,FAE-043362,SMD,Capacitor_SMD:C_0402_1005Metric,
154,C151,100n/50V,,CHIP CAP.CER. 100nF 50V 10% X7R 0402,FAE-043362,SMD,Capacitor_SMD:C_0402_1005Metric,
155,C152,100n/50V,,CHIP CAP.CER. 100nF 50V 10% X7R 0402,FAE-043362,SMD,Capacitor_SMD:C_0402_1005Metric,
156,C153,100n/50V,,CHIP CAP.CER. 100nF 50V 10% X7R 0402,FAE-043362,SMD,Capacitor_SMD:C_0402_1005Metric,
157,C154,100n/50V,,CHIP CAP.CER. 100nF 50V 10% X7R 0402,FAE-043362,SMD,Capacitor_SMD:C_0402_1005Metric,
158,C155,100n/50V,,CHIP CAP.CER. 100nF 50V 10% X7R 0402,FAE-043362,SMD,Capacitor_SMD:C_0402_1005Metric,
159,C156,100n/50V,,CHIP CAP.CER. 100nF 50V 10% X7R 0402,FAE-043362,SMD,Capacitor_SMD:C_0402_1005Metric,
160,C157,100n/50V,,CHIP CAP.CER. 100nF 50V 10% X7R 0402,FAE-043362,SMD,Capacitor_SMD:C_0402_1005Metric,
161,C158,100n/50V,,CHIP CAP.CER. 100nF 50V 10% X7R 0402,FAE-043362,SMD,Capacitor_SMD:C_0402_1005Metric,
162,C159,100n/50V,,CHIP CAP.CER. 100nF 50V 10% X7R 0402,FAE-043362,SMD,Capacitor_SMD:C_0402_1005Metric,
163,C160,100n/50V,,CHIP CAP.CER. 100nF 50V 10% X7R 0402,FAE-043362,SMD,Capacitor_SMD:C_0402_1005Metric,
164,C161,1u/16V,GRM155C71C105KE11D ,CHIP CAP.CER. 1uF 16V 10% X7S 0402,M-81-GRM155C71C105KE1D ,SMD,Capacitor_SMD:C_0402_1005Metric,
165,C162,100n/50V,,CHIP CAP.CER. 100nF 50V 10% X7R 0402,FAE-043362,SMD,Capacitor_SMD:C_0402_1005Metric,
166,C163,4.7u/10V,,CHIP CAP.CER. 4.7u 10V 10% X5R 0603,FAE-033362,SMD,Capacitor_SMD:C_0603_1608Metric,
167,C164,NU,CL10B105KA8NNNC,CHIP CAP.CER. 1u 25V 10% X7R 0603,FAE-100573,SMD,Capacitor_SMD:C_0603_1608Metric,NOT MOUNTED
168,C165,22u/16V,KGM15CR51C226MT,CHIP CAP.CER. 22u 16V 20% X5R 0603,M-581-KGM15CR51C226MT ,SMD,Capacitor_SMD:C_0603_1608Metric,
169,C166,1u/16V,GRM155C71C105KE11D ,CHIP CAP.CER. 1uF 16V 10% X7S 0402,M-81-GRM155C71C105KE1D ,SMD,Capacitor_SMD:C_0402_1005Metric,
170,C167,100n/50V,,CHIP CAP.CER. 100nF 50V 10% X7R 0402,FAE-043362,SMD,Capacitor_SMD:C_0402_1005Metric,
171,C168,100n/50V,,CHIP CAP.CER. 100nF 50V 10% X7R 0402,FAE-043362,SMD,Capacitor_SMD:C_0402_1005Metric,
172,C169,18p/50V,C0603C180J5GAC7411,CHIP CAP.CER. 18p 50V 5% C0G 0603,M-80-C0603C180J5G7411 ,SMD,Capacitor_SMD:C_0603_1608Metric,
173,C170,18p/50V,C0603C180J5GAC7411,CHIP CAP.CER. 18p 50V 5% C0G 0603,M-80-C0603C180J5G7411 ,SMD,Capacitor_SMD:C_0603_1608Metric,
174,C171,1u/16V,GRM155C71C105KE11D ,CHIP CAP.CER. 1uF 16V 10% X7S 0402,M-81-GRM155C71C105KE1D ,SMD,Capacitor_SMD:C_0402_1005Metric,
175,C172,100n/50V,,CHIP CAP.CER. 100nF 50V 10% X7R 0402,FAE-043362,SMD,Capacitor_SMD:C_0402_1005Metric,
176,C173,1u/16V,GRM155C71C105KE11D ,CHIP CAP.CER. 1uF 16V 10% X7S 0402,M-81-GRM155C71C105KE1D ,SMD,Capacitor_SMD:C_0402_1005Metric,
177,C174,100n/50V,,CHIP CAP.CER. 100nF 50V 10% X7R 0402,FAE-043362,SMD,Capacitor_SMD:C_0402_1005Metric,
178,CABLE1,U.FL,2016493-1 ,U.FL cable 30MM Right angle,M-571-2016493-1 ,SMD,,
179,D1,1N4148WS,1N4148WS,"Diode VR 100V, 0.15A",M-637-1N4148WS ,SMD,Diode_SMD:D_SOD-323F,
180,DS1,BAT54J,"BAT54J,115 ","Schottky 30V/0.2A , SOD-323F",FAE-034244,SMD,Diode_SMD:D_SOD-323F,
181,DZ1,NU,BZT52C12T-7 ,Zener 12V 300mW,M-621-BZT52C12T-7,SMD,Diode_SMD:D_SOD-523,NOT MOUNTED
182,DZ2,BZT52C12T-7,BZT52C12T-7 ,Zener 12V 300mW,M-621-BZT52C12T-7,SMD,Diode_SMD:D_SOD-523,
183,DZ3,BZT52C12T-7,BZT52C12T-7 ,Zener 12V 300mW,M-621-BZT52C12T-7,SMD,Diode_SMD:D_SOD-523,
184,F1,01543.15DR,01543.15DR,"Fuse Holder + Fuse: 4533.15, 3.15A",M-576-01543.15DR ,SMD,FAE-FUSE:154SERIES,
185,F2,NU,0154005.DR ,"Fuse Holder + Fuse: 453005.0, 5A",M-576-0154005.DR ,SMD,FAE-FUSE:154SERIES,NOT MOUNTED
186,J1,B2B-PH-K-S(LF)(SN),B2B-PH-K-S(LF)(SN) ,CONN JACK R/A PCB 3.5X1.1MM,M-306-B2BPHKSLFSNPP ,THT,Connector_JST:JST_PH_B2B-PH-K_1x02_P2.00mm_Vertical,
187,J2,54-00125,54-00125,CONN JACK R/A PCB 3.5X1.1MM,D-839-1508-ND,THT,FAE-CONN:54-00125,
188,J3,DX07S024WJ3R400,DX07S024WJ3R400,USB Connectors Vert Mount Type C Recept 10mm Height,M-656-DX07S0024WJ3R400 ,SMD,FAE-CONN:DX07S024WJ3R400,
189,J4,NU,39543-4302 ,"5.00mm Pitch Eurostyle 45Â° Wire Entry Fixed Mount PCB Terminal Block, 2 Circuits",M-538-39543-4302 ,THT,FAE-CONN:39543-4302,NOT MOUNTED
190,J5,SBH21-NBPN-D05-SM-BK,SBH21-NBPN-D05-SM-BK,CONN JACK R/A PCB 3.5X1.1MM,D-S9036-ND ,SMD,FAE-CONN:SBH21-NBPN-D05-SM-BK,
191,J6,B5B-ZR-SM4-TF,B5B-ZR-SM4-TF,"JST, 5P, Vertical SMD",D-455-1684-2-ND,SMD,FAE-CONN:B5B-ZR-SM4-TF,
192,J7,BM04B-SRSS-TB,BM04B-SRSS-TB ,"SH series 1.0mm pitch, 50V, 1.0A",D-455-BM04B-SRSS-TBTR-ND,SMD,FAE-CONN:BM04B-SRSS_JST,
193,J8,STRIP-2P-M,,,FAE-038144,THT,Connector_PinHeader_2.54mm:PinHeader_1x02_P2.54mm_Vertical,
194,J9,MDT420E01001,MDT420E01001,PCI Express/PCI Connectors PCIe M2 Connectors P=05mm H=42mm Key E,M-523-MDT420E01001,SMD,FAE-CONN:MDT420E01001,
195,J10,DM3CS-SF,DM3CS-SF ,uSD hinged type,M-798-DM3CSSF ,SMD,FAE-CONN:DM3CSSF,
196,J11,U.FL-R-SMT-1(10),U.FL-R-SMT-1(10) ,Coaxial/RF connector  50Ohm HIROSE,FAE-028096,SMD,FAE-CONN:U.FL-R-SMT-1(10),
197,L1,BLM21PG221SN1D,BLM21PG221SN1D ,"SDM  Ferrite Beads 220Ohm/2A - 25%, 0805",M-81-BLM21P221SG ,SMD,Inductor_SMD:L_0805_2012Metric,
198,L2,BLM21PG221SN1D,BLM21PG221SN1D ,"SDM  Ferrite Beads 220Ohm/2A - 25%, 0805",M-81-BLM21P221SG ,SMD,Inductor_SMD:L_0805_2012Metric,
199,L3,SPM6550T-1R0M100A,SPM6550T-1R0M100A ,"SDM 1.0uH, 20% 6550 Metal",M-810-SPM6550T1R0M100A ,SMD,FAE-IND:SPM6550,
200,L4,XGL4020-102MEC,XGL4020-102MEC ,"SDM 1uH, 20% ,Isat8.8A, 1616",D-4652-XGL4020-102MEC-ND ,SMD,Inductor_SMD:L_Coilcraft_XxL4020,
201,L5,XGL4020-102MEC,XGL4020-102MEC ,"SDM 1uH, 20% ,Isat8.8A, 1616",D-4652-XGL4020-102MEC-ND ,SMD,Inductor_SMD:L_Coilcraft_XxL4020,
202,L6,XGL4025-222MEC,XGL4025-222MEC,"SDM 2.2uH, 20% ,Isat6.3A, 1616",D-4652-XGL4025-222MEC-ND ,SMD,Inductor_SMD:L_Coilcraft_XxL4020,
203,L7,BLM21PG221SN1D,BLM21PG221SN1D ,"SDM  Ferrite Beads 220Ohm/2A - 25%, 0805",M-81-BLM21P221SG ,SMD,Inductor_SMD:L_0805_2012Metric,
204,L8,LQW15AN1N3C80D,LQW15AN1N3C80D,"SDM 1.3nH/3.15A, +-0.2nH",M-81-LQW15AN1N3C80D ,SMD,FAE-IND:LQW15AN4N1G80D,
205,L9,LQW15AN2N3G80D,LQW15AN2N3G80D,"SDM 2.3nH/2.53A, 2%",M-81-LQW15AN2N3G80D ,SMD,FAE-IND:LQW15AN2N3G80D,
206,L10,LQW18AN15NG80D,LQW18AN15NG80D ,"SDM 2.3nH/2.53A, 2%",M-81-LQW18AN15NG80D,SMD,FAE-IND:LQW18AN7N2G80D,
207,L11,LQW18AN9N9G80D,LQW18AN9N9G80D ,"SDM 9.9nH/1.6A, 2%",M-81-LQW18AN9N9G80D ,SMD,FAE-IND:LQW18AN7N2G80D,
208,L12,LQW18AN10NG80D,LQW18AN10NG80D ,"SDM 10nH/1.6A, 2%",M-81-LQW18AN10NG80D ,SMD,FAE-IND:LQW18AN7N2G80D,
209,L13,LQW15AN7N5H00D,LQW15AN7N5H00D ,"SDM 7.5nH/570mA, 3%",M-81-LQW15AN7N5H00D ,SMD,FAE-IND:LQW15AN7N5H00D,
210,L14,LQW15AN7N1G80D,LQW15AN7N1G80D ,"SDM 7.1nH/1.42A, 2%",M-81-LQW15AN7N1G80D,SMD,FAE-IND:LQW15AN4N1G80D,
211,L15,LQW15AN4N6G80D,LQW15AN4N6G80D,"SDM 4.6nH/1.45A, 2%",M-81-LQW15AN4N6G80D ,SMD,FAE-IND:LQW15AN4N1G80D,
212,L16,LQM18PN2R2MGHD,LQM18PN2R2MGHD ,"SDM 2.2uH, 20% ,Isat0.35A, 0603",M-81-LQM18PN2R2MGHD ,SMD,Inductor_SMD:L_0603_1608Metric,
213,LD1,IN-S63ASR,IN-S63ASR ,"RED led diode, right view, 2,6V, 20mA,",M-743-IN-S63ASR ,SMD,FAE-DIODES:INS63ASR,
214,LD2,IN-S63TBS5R5G5B,IN-S63TBS5R5G5B ,"RGB led diode, right view, 1.9 V, 2.8 V, 2.8 V, 5mA",M-743-IN-S63TBS5R5G5B ,SMD,FAE-DIODES:INS63TBS5R5G5B,
215,LD3,IN-S63TBS5R5G5B,IN-S63TBS5R5G5B ,"RGB led diode, right view, 1.9 V, 2.8 V, 2.8 V, 5mA",M-743-IN-S63TBS5R5G5B ,SMD,FAE-DIODES:INS63TBS5R5G5B,
216,MOD1,NEO-M8U-06B,NEO-M8U-06B ,GNSS/GPS Modules u-blox M8,M-377-NEO-M8U-06B ,SMD,FAE-MOD:MOD24_NEO-M8U_UBL,
217,OBJ1,9774025151R,9774025151R,"STEEL SPACER 5.1X2.5mm, M2.5, W.E.",FAE-044635,THT,FAE-MEC:SPACER M2.5 - 9774025151R,
218,OBJ2,KNOB M2.5x4-INOX,,"Hexagon socket cylindrical head screw, Cl 12.9 DIN 912 UNI 5931, M2.54X4",FAE-048266,THT,,
219,PB1,1571634-2,1571634-2 ,PB SPST 24V 50mA OFF-(ON),M-506-1571634-2 ,SMD,FAE-SWITCH:15716342,
220,PB2,1571634-2,1571634-2 ,PB SPST 24V 50mA OFF-(ON),M-506-1571634-2 ,SMD,FAE-SWITCH:15716342,
221,PB3,1571634-2,1571634-2 ,PB SPST 24V 50mA OFF-(ON),M-506-1571634-2 ,SMD,FAE-SWITCH:15716342,
222,Q1,NU,SISH402DN-T1-GE3 ,"PMOS, 30Vdss  RDS 8mOhm 20Vgss 35A Id",M-78-SISH402DN-T1-GE3 ,SMD,FAE-TRANSISTOR:PowerPAK 121-8,NOT MOUNTED
223,Q2,SISH402DN-T1-GE3,SISH402DN-T1-GE3 ,"PMOS, 30Vdss  RDS 8mOhm 20Vgss 35A Id",M-78-SISH402DN-T1-GE3 ,SMD,FAE-TRANSISTOR:PowerPAK 121-8,
224,Q3,SISH402DN-T1-GE3,SISH402DN-T1-GE3 ,"PMOS, 30Vdss  RDS 8mOhm 20Vgss 35A Id",M-78-SISH402DN-T1-GE3 ,SMD,FAE-TRANSISTOR:PowerPAK 121-8,
225,Q4,SISH402DN-T1-GE3,SISH402DN-T1-GE3 ,"PMOS, 30Vdss  RDS 8mOhm 20Vgss 35A Id",M-78-SISH402DN-T1-GE3 ,SMD,FAE-TRANSISTOR:PowerPAK 121-8,
226,Q5,SISH402DN-T1-GE3,SISH402DN-T1-GE3 ,"PMOS, 30Vdss  RDS 8mOhm 20Vgss 35A Id",M-78-SISH402DN-T1-GE3 ,SMD,FAE-TRANSISTOR:PowerPAK 121-8,
227,Q6,BSS84WQ-7-F,BSS84WQ-7-F,"PMOS, -50Vdss  RDS 10Ohm 20Vgss -130mA Id",M-621-BSS84WQ-7-F ,SMD,Package_TO_SOT_SMD:SOT-323_SC-70,
228,Q7,SISS27DN-T1-GE3,SISS27DN-T1-GE3 ,"PMOS, -30Vdss  RDS 9mOhm 20Vgss -50A Id",M-78-SISS27DN-T1-GE3 ,SMD,FAE-TRANSISTOR:PowerPAK 121-8,
229,Q8,SISS27DN-T1-GE3,SISS27DN-T1-GE3 ,"PMOS, -30Vdss  RDS 9mOhm 20Vgss -50A Id",M-78-SISS27DN-T1-GE3 ,SMD,FAE-TRANSISTOR:PowerPAK 121-8,
230,Q9,SISS27DN-T1-GE3,SISS27DN-T1-GE3 ,"PMOS, -30Vdss  RDS 9mOhm 20Vgss -50A Id",M-78-SISS27DN-T1-GE3 ,SMD,FAE-TRANSISTOR:PowerPAK 121-8,
231,Q10,SISS27DN-T1-GE3,SISS27DN-T1-GE3 ,"PMOS, -30Vdss  RDS 9mOhm 20Vgss -50A Id",M-78-SISS27DN-T1-GE3 ,SMD,FAE-TRANSISTOR:PowerPAK 121-8,
232,Q11,SISS27DN-T1-GE3,SISS27DN-T1-GE3 ,"PMOS, -30Vdss  RDS 9mOhm 20Vgss -50A Id",M-78-SISS27DN-T1-GE3 ,SMD,FAE-TRANSISTOR:PowerPAK 121-8,
233,Q12,DMN63D8L-7,DMN63D8L-7 ,"NMOS, 30Vdss  RDS 2,8Ohm 20Vgss -350mA Id",M-621-DMN63D8L-7 ,SMD,Package_TO_SOT_SMD:SOT-23,
234,Q13,DMN63D8L-7,DMN63D8L-7 ,"NMOS, 30Vdss  RDS 2,8Ohm 20Vgss -350mA Id",M-621-DMN63D8L-7 ,SMD,Package_TO_SOT_SMD:SOT-23,
235,Q14,DMN63D8L-7,DMN63D8L-7 ,"NMOS, 30Vdss  RDS 2,8Ohm 20Vgss -350mA Id",M-621-DMN63D8L-7 ,SMD,Package_TO_SOT_SMD:SOT-23,
236,Q15,DMN63D8L-7,DMN63D8L-7 ,"NMOS, 30Vdss  RDS 2,8Ohm 20Vgss -350mA Id",M-621-DMN63D8L-7 ,SMD,Package_TO_SOT_SMD:SOT-23,
237,Q16,DMN63D8L-7,DMN63D8L-7 ,"NMOS, 30Vdss  RDS 2,8Ohm 20Vgss -350mA Id",M-621-DMN63D8L-7 ,SMD,Package_TO_SOT_SMD:SOT-23,
238,Q17,BSS209PWH6327XTSA1,BSS209PWH6327XTSA1 ,"PMOS, -20Vdss  RDS 550hm 12Vgss -630mA Id",M-726-BSS209PWH6327XTS,SMD,Package_TO_SOT_SMD:SOT-323_SC-70,
239,Q18,DMN63D8L-7,DMN63D8L-7 ,"NMOS, 30Vdss  RDS 2,8Ohm 20Vgss -350mA Id",M-621-DMN63D8L-7 ,SMD,Package_TO_SOT_SMD:SOT-23,
240,R1,NU,,CHIP. RES 10K 0402 1/16W 1%,FAE-025129,SMD,Resistor_SMD:R_0402_1005Metric,NOT MOUNTED
241,R2,NU,RC0603FR-105K1L ,CHIP. RES 5K1 1/10W 0603 1%,M-603-RC0603FR-105K1L ,SMD,Resistor_SMD:R_0603_1608Metric,NOT MOUNTED
242,R3,1M,,CHIP. RES 1M 1206 1%,FAE-039104,SMD,Resistor_SMD:R_1206_3216Metric,
243,R4,NU,RC0603FR-105K1L ,CHIP. RES 5K1 1/10W 0603 1%,M-603-RC0603FR-105K1L ,SMD,Resistor_SMD:R_0603_1608Metric,NOT MOUNTED
244,R5,NU,RCA12060000ZSEA ,CHIP. RES 0 1/4W 1206 3.5A,M-71-RCA12060000ZSEA ,SMD,Resistor_SMD:R_1206_3216Metric,NOT MOUNTED
245,R6,10k,,CHIP. RES 10K 0402 1/16W 1%,FAE-025129,SMD,Resistor_SMD:R_0402_1005Metric,
246,R7,10k,,CHIP. RES 10K 0402 1/16W 1%,FAE-025129,SMD,Resistor_SMD:R_0402_1005Metric,
247,R8,NU,,CHIP. RES 10K 0402 1/16W 1%,FAE-025129,SMD,Resistor_SMD:R_0402_1005Metric,NOT MOUNTED
248,R9,10k,,CHIP. RES 10K 0402 1/16W 1%,FAE-025129,SMD,Resistor_SMD:R_0402_1005Metric,
249,R10,NU,,CHIP. RES 10K 0402 1/16W 1%,FAE-025129,SMD,Resistor_SMD:R_0402_1005Metric,NOT MOUNTED
250,R11,10k,,CHIP. RES 10K 0402 1/16W 1%,FAE-025129,SMD,Resistor_SMD:R_0402_1005Metric,
251,R12,NU,,CHIP. RES 10K 0402 1/16W 1%,FAE-025129,SMD,Resistor_SMD:R_0402_1005Metric,NOT MOUNTED
252,R13,10k,,CHIP. RES 10K 0402 1/16W 1%,FAE-025129,SMD,Resistor_SMD:R_0402_1005Metric,
253,R14,NU,,CHIP. RES 10K 0402 1/16W 1%,FAE-025129,SMD,Resistor_SMD:R_0402_1005Metric,NOT MOUNTED
254,R15,10k,,CHIP. RES 10K 0402 1/16W 1%,FAE-025129,SMD,Resistor_SMD:R_0402_1005Metric,
255,R16,NU,,CHIP. RES 10K 0402 1/16W 1%,FAE-025129,SMD,Resistor_SMD:R_0402_1005Metric,NOT MOUNTED
256,R17,10k,,CHIP. RES 10K 0402 1/16W 1%,FAE-025129,SMD,Resistor_SMD:R_0402_1005Metric,
257,R18,10k,,CHIP. RES 10K 0402 1/16W 1%,FAE-025129,SMD,Resistor_SMD:R_0402_1005Metric,
258,R19,10k,,CHIP. RES 10K 0402 1/16W 1%,FAE-025129,SMD,Resistor_SMD:R_0402_1005Metric,
259,R20,264R,CRCW0603294RFKEA,CHIP. RES 264 1/10W 0603 1%,M-71-CRCW0603-294-E3,SMD,Resistor_SMD:R_0603_1608Metric,
260,R21,255k,RC0402FR-07255KL,CHIP. RES 255K 0402 1/16W 1%,FAE-049879,SMD,Resistor_SMD:R_0402_1005Metric,
261,R22,100k,,CHIP. RES 100K 1/16W 0402 1%,FAE-025127,SMD,Resistor_SMD:R_0402_1005Metric,
262,R23,560R,,CHIP. RES 560 0402 1/16W 1%,FAE-032244,SMD,Resistor_SMD:R_0402_1005Metric,
263,R24,10k,,CHIP. RES 10K 0402 1/16W 1%,FAE-025129,SMD,Resistor_SMD:R_0402_1005Metric,
264,R25,264R,CRCW0603294RFKEA,CHIP. RES 264 1/10W 0603 1%,M-71-CRCW0603-294-E3,SMD,Resistor_SMD:R_0603_1608Metric,
265,R26,NU,RCA06030000ZSEA,CHIP. RES 0 1/10W 0603 2A,M-71-RCA06030000ZSEA ,SMD,Resistor_SMD:R_0603_1608Metric,NOT MOUNTED
266,R27,NU,RCS04020000Z0ED,"CHIP. RES 0 1/5W 0402 0,5%",M-71-RCS04020000Z0ED ,SMD,Resistor_SMD:R_0402_1005Metric,NOT MOUNTED
267,R28,100R,,CHIP. RES 100 1/16W 0402 1%,FAE-026315,SMD,Resistor_SMD:R_0402_1005Metric,
268,R29,10k,,CHIP. RES 10K 0402 1/16W 1%,FAE-025129,SMD,Resistor_SMD:R_0402_1005Metric,
269,R30,5.23k,,CHIP. RES 5K23 0402 1/16W 1%,FAE-039721,SMD,Resistor_SMD:R_0402_1005Metric,
270,R31,100R,,CHIP. RES 100 1/16W 0402 1%,FAE-026315,SMD,Resistor_SMD:R_0402_1005Metric,
271,R32,30.1k,,CHIP. RES 30K1 0402 1/16W 1%,FAE-043389,SMD,Resistor_SMD:R_0402_1005Metric,
272,R33,10k,,CHIP. RES 10K 0402 1/16W 1%,FAE-025129,SMD,Resistor_SMD:R_0402_1005Metric,
273,R34,NU,,CHIP. RES 6K04 1/16W 0603 1%,FAE-036766,SMD,Resistor_SMD:R_0603_1608Metric,NOT MOUNTED
274,R35,3k,,CHIP. RES 3K 1/16W 0603 1%,FAE-036981,SMD,Resistor_SMD:R_0603_1608Metric,
275,R36,0R016,RL1206FR-070R016L ,CHIP. RES 16m 1206 1/4W 1%,M-603-RL1206FR070R016L ,SMD,Resistor_SMD:R_1206_3216Metric,
276,R37,0R016,RL1206FR-070R016L ,CHIP. RES 16m 1206 1/4W 1%,M-603-RL1206FR070R016L ,SMD,Resistor_SMD:R_1206_3216Metric,
277,R38,0R016,RL1206FR-070R016L ,CHIP. RES 16m 1206 1/4W 1%,M-603-RL1206FR070R016L ,SMD,Resistor_SMD:R_1206_3216Metric,
278,R39,0R016,RL1206FR-070R016L ,CHIP. RES 16m 1206 1/4W 1%,M-603-RL1206FR070R016L ,SMD,Resistor_SMD:R_1206_3216Metric,
279,R40,10k,,CHIP. RES 10K 0402 1/16W 1%,FAE-025129,SMD,Resistor_SMD:R_0402_1005Metric,
280,R41,10k,,CHIP. RES 10K 0402 1/16W 1%,FAE-025129,SMD,Resistor_SMD:R_0402_1005Metric,
281,R42,10k,,CHIP. RES 10K 0402 1/16W 1%,FAE-025129,SMD,Resistor_SMD:R_0402_1005Metric,
282,R43,10k,,CHIP. RES 10K 0402 1/16W 1%,FAE-025129,SMD,Resistor_SMD:R_0402_1005Metric,
283,R44,10R,,CHIP. RES 10R 1/10W 0603 1%,FAE-016149,SMD,Resistor_SMD:R_0603_1608Metric,
284,R45,10R,,CHIP. RES 10R 1/10W 0603 1%,FAE-016149,SMD,Resistor_SMD:R_0603_1608Metric,
285,R46,10k,,CHIP. RES 10K 0402 1/16W 1%,FAE-025129,SMD,Resistor_SMD:R_0402_1005Metric,
286,R47,NU,,CHIP. RES 10K 0402 1/16W 1%,FAE-025129,SMD,Resistor_SMD:R_0402_1005Metric,NOT MOUNTED
287,R48,NU,,CHIP. RES 10K 0402 1/16W 1%,FAE-025129,SMD,Resistor_SMD:R_0402_1005Metric,NOT MOUNTED
288,R49,10R,,CHIP. RES 10R 1/10W 0603 1%,FAE-016149,SMD,Resistor_SMD:R_0603_1608Metric,
289,R50,10R,,CHIP. RES 10R 1/10W 0603 1%,FAE-016149,SMD,Resistor_SMD:R_0603_1608Metric,
290,R51,10R,,CHIP. RES 10R 1/10W 0603 1%,FAE-016149,SMD,Resistor_SMD:R_0603_1608Metric,
291,R52,10R,,CHIP. RES 10R 1/10W 0603 1%,FAE-016149,SMD,Resistor_SMD:R_0603_1608Metric,
292,R53,100R,,CHIP. RES 100 1/16W 0402 1%,FAE-026315,SMD,Resistor_SMD:R_0402_1005Metric,
293,R54,NU,,CHIP. RES 10K 0402 1/16W 1%,FAE-025129,SMD,Resistor_SMD:R_0402_1005Metric,NOT MOUNTED
294,R55,NU,,CHIP. RES 10K 0402 1/16W 1%,FAE-025129,SMD,Resistor_SMD:R_0402_1005Metric,NOT MOUNTED
295,R56,10K,,CHIP. RES 10K 0402 1/16W 1%,FAE-025129,SMD,Resistor_SMD:R_0402_1005Metric,
296,R57,10K,,CHIP. RES 10K 0402 1/16W 1%,FAE-025129,SMD,Resistor_SMD:R_0402_1005Metric,
297,R58,50m,PE0603FRF570R05L,CHIP. RES 50m 1/2W 0603 1%,M-603-PE0603FRF570R05L ,SMD,Resistor_SMD:R_0603_1608Metric,
298,R59,20m,CFN0603-FZ-R020ELF ,CHIP. RES 20m 1/2W 0603 1%,M-652-CFN0603FZR020ELF ,SMD,Resistor_SMD:R_0603_1608Metric,
299,R60,100k,,CHIP. RES 100K 1/16W 0402 1%,FAE-025127,SMD,Resistor_SMD:R_0402_1005Metric,
300,R61,100k,,CHIP. RES 100K 1/16W 0402 1%,FAE-025127,SMD,Resistor_SMD:R_0402_1005Metric,
301,R62,10k,,CHIP. RES 10K 0402 1/16W 1%,FAE-025129,SMD,Resistor_SMD:R_0402_1005Metric,
302,R63,10k,,CHIP. RES 10K 0402 1/16W 1%,FAE-025129,SMD,Resistor_SMD:R_0402_1005Metric,
303,R64,NU,,CHIP. RES 10K 0402 1/16W 1%,FAE-025129,SMD,Resistor_SMD:R_0402_1005Metric,NOT MOUNTED
304,R65,NU,,CHIP. RES 10K 0402 1/16W 1%,FAE-025129,SMD,Resistor_SMD:R_0402_1005Metric,NOT MOUNTED
305,R66,43k,RC0402FR-0743KL ,CHIP. RES 43K 0402 1/16W 1%,M-603-RC0402FR-0743KL ,SMD,Resistor_SMD:R_0402_1005Metric,
306,R67,31.2k,RN73H1ETTP3122D25 ,CHIP. RES 31K2 0402 1/16W 0.5%,M-660-RN73H1ETP3122D25 ,SMD,Resistor_SMD:R_0402_1005Metric,
307,R68,6.34k,RR0816P-6341-D-78H ,CHIP. RES 6K34 0603 1/16W 0.5%,M-754-RR0816P-6341D78H ,SMD,Resistor_SMD:R_0603_1608Metric,
308,R69,5.23k,CPF0603F5K23C1 ,CHIP. RES 5K23 0603 1/16W 1%,M-279-CPF0603F5K23C1 ,SMD,Resistor_SMD:R_0603_1608Metric,
309,R70,NU,,CHIP. RES 10K 0402 1/16W 1%,FAE-025129,SMD,Resistor_SMD:R_0402_1005Metric,NOT MOUNTED
310,R71,10k,,CHIP. RES 10K 0402 1/16W 1%,FAE-025129,SMD,Resistor_SMD:R_0402_1005Metric,
311,R72,NU,,CHIP. RES 10K 0402 1/16W 1%,FAE-025129,SMD,Resistor_SMD:R_0402_1005Metric,NOT MOUNTED
312,R73,10k,,CHIP. RES 10K 0402 1/16W 1%,FAE-025129,SMD,Resistor_SMD:R_0402_1005Metric,
313,R74,0R,RCS04020000Z0ED,"CHIP. RES 0 1/5W 0402 0,5%",M-71-RCS04020000Z0ED ,SMD,Resistor_SMD:R_0402_1005Metric,
314,R75,9.31k,RC0402FR-079K31L ,CHIP. RES 9K31 1/16W 0402 1%,M-603-RC0402FR-079K31L ,SMD,Resistor_SMD:R_0402_1005Metric,
315,R76,0R,RCS04020000Z0ED,"CHIP. RES 0 1/5W 0402 0,5%",M-71-RCS04020000Z0ED ,SMD,Resistor_SMD:R_0402_1005Metric,
316,R77,9.31k,RC0402FR-079K31L ,CHIP. RES 9K31 1/16W 0402 1%,M-603-RC0402FR-079K31L ,SMD,Resistor_SMD:R_0402_1005Metric,
317,R78,100k,,CHIP. RES 100K 1/16W 0402 1%,FAE-025127,SMD,Resistor_SMD:R_0402_1005Metric,
318,R79,NU,RCA12060000ZSEA ,CHIP. RES 0 1/4W 1206 3.5A,M-71-RCA12060000ZSEA ,SMD,Resistor_SMD:R_1206_3216Metric,NOT MOUNTED
319,R80,NU,RCA12060000ZSEA ,CHIP. RES 0 1/4W 1206 3.5A,M-71-RCA12060000ZSEA ,SMD,Resistor_SMD:R_1206_3216Metric,NOT MOUNTED
320,R81,NU,RCA12060000ZSEA ,CHIP. RES 0 1/4W 1206 3.5A,M-71-RCA12060000ZSEA ,SMD,Resistor_SMD:R_1206_3216Metric,NOT MOUNTED
321,R82,NU,RCA12060000ZSEA ,CHIP. RES 0 1/4W 1206 3.5A,M-71-RCA12060000ZSEA ,SMD,Resistor_SMD:R_1206_3216Metric,NOT MOUNTED
322,R83,100k,,CHIP. RES 100K 1/16W 0402 1%,FAE-025127,SMD,Resistor_SMD:R_0402_1005Metric,
323,R84,100k,,CHIP. RES 100K 1/16W 0402 1%,FAE-025127,SMD,Resistor_SMD:R_0402_1005Metric,
324,R85,100k,,CHIP. RES 100K 1/16W 0402 1%,FAE-025127,SMD,Resistor_SMD:R_0402_1005Metric,
325,R86,100k,,CHIP. RES 100K 1/16W 0402 1%,FAE-025127,SMD,Resistor_SMD:R_0402_1005Metric,
326,R87,NU,RCS04020000Z0ED,"CHIP. RES 0 1/5W 0402 0,5%",M-71-RCS04020000Z0ED ,SMD,Resistor_SMD:R_0402_1005Metric,NOT MOUNTED
327,R88,12k,,CHIP. RES 12K 0402 1/16W 1%,FAE-039722,SMD,Resistor_SMD:R_0402_1005Metric,
328,R89,NU,RCS04020000Z0ED,"CHIP. RES 0 1/5W 0402 0,5%",M-71-RCS04020000Z0ED ,SMD,Resistor_SMD:R_0402_1005Metric,NOT MOUNTED
329,R90,12k,,CHIP. RES 12K 0402 1/16W 1%,FAE-039722,SMD,Resistor_SMD:R_0402_1005Metric,
330,R91,NU,RCS04020000Z0ED,"CHIP. RES 0 1/5W 0402 0,5%",M-71-RCS04020000Z0ED ,SMD,Resistor_SMD:R_0402_1005Metric,NOT MOUNTED
331,R92,12k,,CHIP. RES 12K 0402 1/16W 1%,FAE-039722,SMD,Resistor_SMD:R_0402_1005Metric,
332,R93,NU,RCS04020000Z0ED,"CHIP. RES 0 1/5W 0402 0,5%",M-71-RCS04020000Z0ED ,SMD,Resistor_SMD:R_0402_1005Metric,NOT MOUNTED
333,R94,12k,,CHIP. RES 12K 0402 1/16W 1%,FAE-039722,SMD,Resistor_SMD:R_0402_1005Metric,
334,R95,100R,,CHIP. RES 100 1/16W 0402 1%,FAE-026315,SMD,Resistor_SMD:R_0402_1005Metric,
335,R96,100R,,CHIP. RES 100 1/16W 0402 1%,FAE-026315,SMD,Resistor_SMD:R_0402_1005Metric,
336,R97,100R,,CHIP. RES 100 1/16W 0402 1%,FAE-026315,SMD,Resistor_SMD:R_0402_1005Metric,
337,R98,100R,,CHIP. RES 100 1/16W 0402 1%,FAE-026315,SMD,Resistor_SMD:R_0402_1005Metric,
338,R99,10k,,CHIP. RES 10K 0402 1/16W 1%,FAE-025129,SMD,Resistor_SMD:R_0402_1005Metric,
339,R100,10k,,CHIP. RES 10K 0402 1/16W 1%,FAE-025129,SMD,Resistor_SMD:R_0402_1005Metric,
340,R101,10k,,CHIP. RES 10K 0402 1/16W 1%,FAE-025129,SMD,Resistor_SMD:R_0402_1005Metric,
341,R102,10k,,CHIP. RES 10K 0402 1/16W 1%,FAE-025129,SMD,Resistor_SMD:R_0402_1005Metric,
342,R103,100k,,CHIP. RES 100K 1/16W 0402 1%,FAE-025127,SMD,Resistor_SMD:R_0402_1005Metric,
343,R104,100k,,CHIP. RES 100K 1/16W 0402 1%,FAE-025127,SMD,Resistor_SMD:R_0402_1005Metric,
344,R105,NU,RCS04020000Z0ED,"CHIP. RES 0 1/5W 0402 0,5%",M-71-RCS04020000Z0ED ,SMD,Resistor_SMD:R_0402_1005Metric,NOT MOUNTED
345,R106,100k,,CHIP. RES 100K 1/16W 0402 1%,FAE-025127,SMD,Resistor_SMD:R_0402_1005Metric,
346,R107,4.7k,,CHIP. RES 4K7 0402 1/16W 1%,FAE-025131,SMD,Resistor_SMD:R_0402_1005Metric,
347,R108,4.7k,,CHIP. RES 4K7 0402 1/16W 1%,FAE-025131,SMD,Resistor_SMD:R_0402_1005Metric,
348,R109,100k,,CHIP. RES 100K 1/16W 0402 1%,FAE-025127,SMD,Resistor_SMD:R_0402_1005Metric,
349,R110,100k,,CHIP. RES 100K 1/16W 0402 1%,FAE-025127,SMD,Resistor_SMD:R_0402_1005Metric,
350,R111,100k,,CHIP. RES 100K 1/16W 0402 1%,FAE-025127,SMD,Resistor_SMD:R_0402_1005Metric,
351,R112,100R,,CHIP. RES 100 1/16W 0402 1%,FAE-026315,SMD,Resistor_SMD:R_0402_1005Metric,
352,R113,100R,,CHIP. RES 100 1/16W 0402 1%,FAE-026315,SMD,Resistor_SMD:R_0402_1005Metric,
353,R114,100R,,CHIP. RES 100 1/16W 0402 1%,FAE-026315,SMD,Resistor_SMD:R_0402_1005Metric,
354,R115,NU,,CHIP. RES 10K 0402 1/16W 1%,FAE-025129,SMD,Resistor_SMD:R_0402_1005Metric,NOT MOUNTED
355,R116,0R,MCS04020Z0000ZE000,CHIP. RES 0 100mW 0402 0.1%,M-594-MCS04020Z0000ZE0 ,SMD,Resistor_SMD:R_0402_1005Metric,
356,R117,0R,MCS04020Z0000ZE000,CHIP. RES 0 100mW 0402 0.1%,M-594-MCS04020Z0000ZE0 ,SMD,Resistor_SMD:R_0402_1005Metric,
357,R118,470R,,CHIP. RES 470 1/16W 0402 1%,FAE-025128,SMD,Resistor_SMD:R_0402_1005Metric,
358,R119,100k,,CHIP. RES 100K 1/16W 0402 1%,FAE-025127,SMD,Resistor_SMD:R_0402_1005Metric,
359,R120,100k,,CHIP. RES 100K 1/16W 0402 1%,FAE-025127,SMD,Resistor_SMD:R_0402_1005Metric,
360,R121,100k,,CHIP. RES 100K 1/16W 0402 1%,FAE-025127,SMD,Resistor_SMD:R_0402_1005Metric,
361,R122,100k,,CHIP. RES 100K 1/16W 0402 1%,FAE-025127,SMD,Resistor_SMD:R_0402_1005Metric,
362,R123,100k,,CHIP. RES 100K 1/16W 0402 1%,FAE-025127,SMD,Resistor_SMD:R_0402_1005Metric,
363,R124,270R,RC0402FR-07270RL ,CHIP. RES 270R 0402 1/16W 1%,M-603-RC0402FR-07270RL ,SMD,Resistor_SMD:R_0402_1005Metric,
364,R125,100R,,CHIP. RES 100 1/16W 0402 1%,FAE-026315,SMD,Resistor_SMD:R_0402_1005Metric,
365,R126,100k,,CHIP. RES 100K 1/16W 0402 1%,FAE-025127,SMD,Resistor_SMD:R_0402_1005Metric,
366,R127,100R,,CHIP. RES 100 1/16W 0402 1%,FAE-026315,SMD,Resistor_SMD:R_0402_1005Metric,
367,R128,0R,RCS04020000Z0ED,"CHIP. RES 0 1/5W 0402 0,5%",M-71-RCS04020000Z0ED ,SMD,Resistor_SMD:R_0402_1005Metric,
368,R129,47k,,CHIP. RES 47K 0402 1/16W 1%,FAE-033460,SMD,Resistor_SMD:R_0402_1005Metric,
369,R130,47k,,CHIP. RES 47K 0402 1/16W 1%,FAE-033460,SMD,Resistor_SMD:R_0402_1005Metric,
370,R131,47k,,CHIP. RES 47K 0402 1/16W 1%,FAE-033460,SMD,Resistor_SMD:R_0402_1005Metric,
371,R132,47k,,CHIP. RES 47K 0402 1/16W 1%,FAE-033460,SMD,Resistor_SMD:R_0402_1005Metric,
372,R133,47k,,CHIP. RES 47K 0402 1/16W 1%,FAE-033460,SMD,Resistor_SMD:R_0402_1005Metric,
373,R134,47k,,CHIP. RES 47K 0402 1/16W 1%,FAE-033460,SMD,Resistor_SMD:R_0402_1005Metric,
374,R135,47k,,CHIP. RES 47K 0402 1/16W 1%,FAE-033460,SMD,Resistor_SMD:R_0402_1005Metric,
375,R136,NU,RCS04020000Z0ED,CHIP. RES 10K 0402 1/16W 1%,FAE-025129,SMD,Resistor_SMD:R_0402_1005Metric,NOT MOUNTED
376,R137,33R,,CHIP. RES 33R 0402 1/16W 1%,FAE-038764,SMD,Resistor_SMD:R_0402_1005Metric,
377,R138,33R,,CHIP. RES 33R 0402 1/16W 1%,FAE-038764,SMD,Resistor_SMD:R_0402_1005Metric,
378,R139,33R,,CHIP. RES 33R 0402 1/16W 1%,FAE-038764,SMD,Resistor_SMD:R_0402_1005Metric,
379,R140,33R,,CHIP. RES 33R 0402 1/16W 1%,FAE-038764,SMD,Resistor_SMD:R_0402_1005Metric,
380,R141,33R,,CHIP. RES 33R 0402 1/16W 1%,FAE-038764,SMD,Resistor_SMD:R_0402_1005Metric,
381,R142,33R,,CHIP. RES 33R 0402 1/16W 1%,FAE-038764,SMD,Resistor_SMD:R_0402_1005Metric,
382,R143,33R,,CHIP. RES 33R 0402 1/16W 1%,FAE-038764,SMD,Resistor_SMD:R_0402_1005Metric,
383,R144,9.88k,RT0402DRD079K88L,CHIP. RES 9K88 0402 1/16W 0.5%,M-603-RT0402DRD079K88L ,SMD,Resistor_SMD:R_0402_1005Metric,
384,R145,4.7k,,CHIP. RES 4K7 0402 1/16W 1%,FAE-025131,SMD,Resistor_SMD:R_0402_1005Metric,
385,R146,0R,MCS04020Z0000ZE000,CHIP. RES 0 100mW 0402 0.1%,M-594-MCS04020Z0000ZE0 ,SMD,Resistor_SMD:R_0402_1005Metric,
386,R147,0R,RCS04020000Z0ED,"CHIP. RES 0 1/5W 0402 0,5%",M-71-RCS04020000Z0ED ,SMD,Resistor_SMD:R_0402_1005Metric,
387,R148,0R,MCS04020Z0000ZE000,CHIP. RES 0 100mW 0402 0.1%,M-594-MCS04020Z0000ZE0 ,SMD,Resistor_SMD:R_0402_1005Metric,
388,R149,0R,MCS04020Z0000ZE000,CHIP. RES 0 100mW 0402 0.1%,M-594-MCS04020Z0000ZE0 ,SMD,Resistor_SMD:R_0402_1005Metric,
389,R150,100k,,CHIP. RES 100K 1/16W 0402 1%,FAE-025127,SMD,Resistor_SMD:R_0402_1005Metric,
390,R151,10k,,CHIP. RES 10K 0402 1/16W 1%,FAE-025129,SMD,Resistor_SMD:R_0402_1005Metric,
391,R152,100k,,CHIP. RES 100K 1/16W 0402 1%,FAE-025127,SMD,Resistor_SMD:R_0402_1005Metric,
392,R153,NU,RCS04020000Z0ED,"CHIP. RES 0 1/5W 0402 0,5%",M-71-RCS04020000Z0ED ,SMD,Resistor_SMD:R_0402_1005Metric,NOT MOUNTED
393,R154,NU,RCS04020000Z0ED,"CHIP. RES 0 1/5W 0402 0,5%",M-71-RCS04020000Z0ED ,SMD,Resistor_SMD:R_0402_1005Metric,NOT MOUNTED
394,R155,100k,,CHIP. RES 100K 1/16W 0402 1%,FAE-025127,SMD,Resistor_SMD:R_0402_1005Metric,
395,R156,100k,,CHIP. RES 100K 1/16W 0402 1%,FAE-025127,SMD,Resistor_SMD:R_0402_1005Metric,
396,R157,100k,,CHIP. RES 100K 1/16W 0402 1%,FAE-025127,SMD,Resistor_SMD:R_0402_1005Metric,
397,R158,100k,,CHIP. RES 100K 1/16W 0402 1%,FAE-025127,SMD,Resistor_SMD:R_0402_1005Metric,
398,R159,100k,,CHIP. RES 100K 1/16W 0402 1%,FAE-025127,SMD,Resistor_SMD:R_0402_1005Metric,
399,R160,2.2k,,CHIP. RES 2K2 0402 1/16W 1%,FAE-035095,SMD,Resistor_SMD:R_0402_1005Metric,
400,R161,100k,,CHIP. RES 100K 1/16W 0402 1%,FAE-025127,SMD,Resistor_SMD:R_0402_1005Metric,
401,R162,100k,,CHIP. RES 100K 1/16W 0402 1%,FAE-025127,SMD,Resistor_SMD:R_0402_1005Metric,
402,R163,100k,,CHIP. RES 100K 1/16W 0402 1%,FAE-025127,SMD,Resistor_SMD:R_0402_1005Metric,
403,R164,1k,,CHIP. RES 1K 0402 1/16W 1%,FAE-033446,SMD,Resistor_SMD:R_0402_1005Metric,
404,R165,0R,MCS04020Z0000ZE000,CHIP. RES 0 100mW 0402 0.1%,M-594-MCS04020Z0000ZE0 ,SMD,Resistor_SMD:R_0402_1005Metric,
405,R166,0R,MCS04020Z0000ZE000,CHIP. RES 0 100mW 0402 0.1%,M-594-MCS04020Z0000ZE0 ,SMD,Resistor_SMD:R_0402_1005Metric,
406,R167,0R,MCS04020Z0000ZE000,CHIP. RES 0 100mW 0402 0.1%,M-594-MCS04020Z0000ZE0 ,SMD,Resistor_SMD:R_0402_1005Metric,
407,R168,NU,,CHIP. RES 100K 1/16W 0402 1%,FAE-025127,SMD,Resistor_SMD:R_0402_1005Metric,NOT MOUNTED
408,R169,NU,,CHIP. RES 100K 1/16W 0402 1%,FAE-025127,SMD,Resistor_SMD:R_0402_1005Metric,NOT MOUNTED
409,R170,100k,,CHIP. RES 100K 1/16W 0402 1%,FAE-025127,SMD,Resistor_SMD:R_0402_1005Metric,
410,R171,0R,RCS04020000Z0ED,"CHIP. RES 0 1/5W 0402 0,5%",M-71-RCS04020000Z0ED ,SMD,Resistor_SMD:R_0402_1005Metric,
411,R172,NU,,CHIP. RES 10K 0402 1/16W 1%,FAE-025129,SMD,Resistor_SMD:R_0402_1005Metric,NOT MOUNTED
412,R173,NU,,CHIP. RES 10K 0402 1/16W 1%,FAE-025129,SMD,Resistor_SMD:R_0402_1005Metric,NOT MOUNTED
413,R174,4.7k,,CHIP. RES 4K7 0402 1/16W 1%,FAE-025131,SMD,Resistor_SMD:R_0402_1005Metric,
414,R175,100k,,CHIP. RES 100K 1/16W 0402 1%,FAE-025127,SMD,Resistor_SMD:R_0402_1005Metric,
415,R176,100k,,CHIP. RES 100K 1/16W 0402 1%,FAE-025127,SMD,Resistor_SMD:R_0402_1005Metric,
416,R177,0R,RCS04020000Z0ED,"CHIP. RES 0 1/5W 0402 0,5%",M-71-RCS04020000Z0ED ,SMD,Resistor_SMD:R_0402_1005Metric,
417,R178,10k,,CHIP. RES 10K 0402 1/16W 1%,FAE-025129,SMD,Resistor_SMD:R_0402_1005Metric,
418,R179,0R,RCS04020000Z0ED,"CHIP. RES 0 1/5W 0402 0,5%",M-71-RCS04020000Z0ED ,SMD,Resistor_SMD:R_0402_1005Metric,
419,R180,10k,,CHIP. RES 10K 0402 1/16W 1%,FAE-025129,SMD,Resistor_SMD:R_0402_1005Metric,
420,R181,100k,,CHIP. RES 100K 1/16W 0402 1%,FAE-025127,SMD,Resistor_SMD:R_0402_1005Metric,
421,R182,10k,,CHIP. RES 10K 0402 1/16W 1%,FAE-025129,SMD,Resistor_SMD:R_0402_1005Metric,
422,R183,4.7k,,CHIP. RES 4K7 0402 1/16W 1%,FAE-025131,SMD,Resistor_SMD:R_0402_1005Metric,
423,R184,4.7k,,CHIP. RES 4K7 0402 1/16W 1%,FAE-025131,SMD,Resistor_SMD:R_0402_1005Metric,
424,R185,100k,,CHIP. RES 100K 1/16W 0402 1%,FAE-025127,SMD,Resistor_SMD:R_0402_1005Metric,
425,R186,120k,CRCW0402120KFKED ,CHIP. RES 120K 0402 1/16W 0.1%,FAE-051352,SMD,Resistor_SMD:R_0402_1005Metric,
426,R187,120k,CRCW0402120KFKED ,CHIP. RES 120K 0402 1/16W 0.1%,FAE-051352,SMD,Resistor_SMD:R_0402_1005Metric,
427,R188,100k,,CHIP. RES 100K 1/16W 0402 1%,FAE-025127,SMD,Resistor_SMD:R_0402_1005Metric,
428,R189,1M,,CHIP. RES 1M 0402 1/16W 1%,FAE-032464,SMD,Resistor_SMD:R_0402_1005Metric,
429,R190,100k,,CHIP. RES 100K 1/16W 0402 1%,FAE-025127,SMD,Resistor_SMD:R_0402_1005Metric,
430,R191,390R,,CHIP. RES 390R 0603 1/16W 1%,FAE-020433,SMD,Resistor_SMD:R_0603_1608Metric,
431,R192,10k,,CHIP. RES 10K 0402 1/16W 1%,FAE-025129,SMD,Resistor_SMD:R_0402_1005Metric,
432,R193,10k,,CHIP. RES 10K 0402 1/16W 1%,FAE-025129,SMD,Resistor_SMD:R_0402_1005Metric,
433,R194,100k,,CHIP. RES 100K 1/16W 0402 1%,FAE-025127,SMD,Resistor_SMD:R_0402_1005Metric,
434,R195,1M,,CHIP. RES 1M 0402 1/16W 1%,FAE-032464,SMD,Resistor_SMD:R_0402_1005Metric,
435,R196,NU,,CHIP. RES 10K 0402 1/16W 1%,FAE-025129,SMD,Resistor_SMD:R_0402_1005Metric,NOT MOUNTED
436,R197,NU,,CHIP. RES 10K 0402 1/16W 1%,FAE-025129,SMD,Resistor_SMD:R_0402_1005Metric,NOT MOUNTED
437,R198,2.2k,,CHIP. RES 2K2 0402 1/16W 1%,FAE-035095,SMD,Resistor_SMD:R_0402_1005Metric,
438,R199,1k,,CHIP. RES 1K 0402 1/16W 1%,FAE-033446,SMD,Resistor_SMD:R_0402_1005Metric,
439,R200,10k,,CHIP. RES 10K 0402 1/16W 1%,FAE-025129,SMD,Resistor_SMD:R_0402_1005Metric,
440,R201,10k,,CHIP. RES 10K 0402 1/16W 1%,FAE-025129,SMD,Resistor_SMD:R_0402_1005Metric,
441,R202,10k,,CHIP. RES 10K 0402 1/16W 1%,FAE-025129,SMD,Resistor_SMD:R_0402_1005Metric,
442,R203,100R,,CHIP. RES 100 1/16W 0402 1%,FAE-026315,SMD,Resistor_SMD:R_0402_1005Metric,
443,R204,4.7k,,CHIP. RES 4K7 0402 1/16W 1%,FAE-025131,SMD,Resistor_SMD:R_0402_1005Metric,
444,R205,4.7k,,CHIP. RES 4K7 0402 1/16W 1%,FAE-025131,SMD,Resistor_SMD:R_0402_1005Metric,
445,R206,4.7k,,CHIP. RES 4K7 0402 1/16W 1%,FAE-025131,SMD,Resistor_SMD:R_0402_1005Metric,
446,R207,0R,RCS04020000Z0ED,"CHIP. RES 0 1/5W 0402 0,5%",M-71-RCS04020000Z0ED ,SMD,Resistor_SMD:R_0402_1005Metric,
447,R208,0R,RCS04020000Z0ED,"CHIP. RES 0 1/5W 0402 0,5%",M-71-RCS04020000Z0ED ,SMD,Resistor_SMD:R_0402_1005Metric,
448,R209,0R,RCS04020000Z0ED,"CHIP. RES 0 1/5W 0402 0,5%",M-71-RCS04020000Z0ED ,SMD,Resistor_SMD:R_0402_1005Metric,
449,R210,100k,,CHIP. RES 100K 1/16W 0402 1%,FAE-025127,SMD,Resistor_SMD:R_0402_1005Metric,
450,R211,10k,,CHIP. RES 10K 0402 1/16W 1%,FAE-025129,SMD,Resistor_SMD:R_0402_1005Metric,
451,R212,100k,,CHIP. RES 100K 1/16W 0402 1%,FAE-025127,SMD,Resistor_SMD:R_0402_1005Metric,
452,R213,10k,,CHIP. RES 10K 0402 1/16W 1%,FAE-025129,SMD,Resistor_SMD:R_0402_1005Metric,
453,R214,100k,,CHIP. RES 100K 1/16W 0402 1%,FAE-025127,SMD,Resistor_SMD:R_0402_1005Metric,
454,R215,10k,,CHIP. RES 10K 0402 1/16W 1%,FAE-025129,SMD,Resistor_SMD:R_0402_1005Metric,
455,R216,4.7k,,CHIP. RES 4K7 0402 1/16W 1%,FAE-025131,SMD,Resistor_SMD:R_0402_1005Metric,
456,R217,4.7k,,CHIP. RES 4K7 0402 1/16W 1%,FAE-025131,SMD,Resistor_SMD:R_0402_1005Metric,
457,R218,4.7k,,CHIP. RES 4K7 0402 1/16W 1%,FAE-025131,SMD,Resistor_SMD:R_0402_1005Metric,
458,R219,4.7k,,CHIP. RES 4K7 0402 1/16W 1%,FAE-025131,SMD,Resistor_SMD:R_0402_1005Metric,
459,R220,100k,,CHIP. RES 100K 1/16W 0402 1%,FAE-025127,SMD,Resistor_SMD:R_0402_1005Metric,
460,R221,100k,,CHIP. RES 100K 1/16W 0402 1%,FAE-025127,SMD,Resistor_SMD:R_0402_1005Metric,
461,R222,100k,,CHIP. RES 100K 1/16W 0402 1%,FAE-025127,SMD,Resistor_SMD:R_0402_1005Metric,
462,R223,100k,,CHIP. RES 100K 1/16W 0402 1%,FAE-025127,SMD,Resistor_SMD:R_0402_1005Metric,
463,R224,100k,,CHIP. RES 100K 1/16W 0402 1%,FAE-025127,SMD,Resistor_SMD:R_0402_1005Metric,
464,R225,10k,,CHIP. RES 10K 0402 1/16W 1%,FAE-025129,SMD,Resistor_SMD:R_0402_1005Metric,
465,R226,10R,RE0402DRE0710RL,CHIP. RES 10 0402 1/16W 0.5%,M-603-RE0402DRE0710RL ,SMD,Resistor_SMD:R_0402_1005Metric,
466,R228,10R,RE0402DRE0710RL,CHIP. RES 10 0402 1/16W 0.5%,M-603-RE0402DRE0710RL ,SMD,Resistor_SMD:R_0402_1005Metric,
467,R229,10R,RE0402DRE0710RL,CHIP. RES 10 0402 1/16W 0.5%,M-603-RE0402DRE0710RL ,SMD,Resistor_SMD:R_0402_1005Metric,
468,R230,10R,RE0402DRE0710RL,CHIP. RES 10 0402 1/16W 0.5%,M-603-RE0402DRE0710RL ,SMD,Resistor_SMD:R_0402_1005Metric,
469,R231,10R,RE0402DRE0710RL,CHIP. RES 10 0402 1/16W 0.5%,M-603-RE0402DRE0710RL ,SMD,Resistor_SMD:R_0402_1005Metric,
470,R232,10R,RE0402DRE0710RL,CHIP. RES 10 0402 1/16W 0.5%,M-603-RE0402DRE0710RL ,SMD,Resistor_SMD:R_0402_1005Metric,
471,R233,NU,,CHIP. RES 10K 0402 1/16W 1%,FAE-025129,SMD,Resistor_SMD:R_0402_1005Metric,NOT MOUNTED
472,R234,NU,,CHIP. RES 10K 0402 1/16W 1%,FAE-025129,SMD,Resistor_SMD:R_0402_1005Metric,NOT MOUNTED
473,R235,NU,,CHIP. RES 10K 0402 1/16W 1%,FAE-025129,SMD,Resistor_SMD:R_0402_1005Metric,NOT MOUNTED
474,R236,NU,,CHIP. RES 10K 0402 1/16W 1%,FAE-025129,SMD,Resistor_SMD:R_0402_1005Metric,NOT MOUNTED
475,R237,NU,,CHIP. RES 10K 0402 1/16W 1%,FAE-025129,SMD,Resistor_SMD:R_0402_1005Metric,NOT MOUNTED
476,R238,NU,,CHIP. RES 10K 0402 1/16W 1%,FAE-025129,SMD,Resistor_SMD:R_0402_1005Metric,NOT MOUNTED
477,R239,100k,,CHIP. RES 100K 1/16W 0402 1%,FAE-025127,SMD,Resistor_SMD:R_0402_1005Metric,
478,R240,100k,,CHIP. RES 100K 1/16W 0402 1%,FAE-025127,SMD,Resistor_SMD:R_0402_1005Metric,
479,R241,100k,,CHIP. RES 100K 1/16W 0402 1%,FAE-025127,SMD,Resistor_SMD:R_0402_1005Metric,
480,R242,100k,,CHIP. RES 100K 1/16W 0402 1%,FAE-025127,SMD,Resistor_SMD:R_0402_1005Metric,
481,R243,100R,,CHIP. RES 100 1/16W 0402 1%,FAE-026315,SMD,Resistor_SMD:R_0402_1005Metric,
482,R244,100R,,CHIP. RES 100 1/16W 0402 1%,FAE-026315,SMD,Resistor_SMD:R_0402_1005Metric,
483,R245,100R,,CHIP. RES 100 1/16W 0402 1%,FAE-026315,SMD,Resistor_SMD:R_0402_1005Metric,
484,SW1,R10307RN02Q,R10307RN02Q ,ROTARY SWITCH 3POS 125V 5A,M-611-R10307RN02Q ,THT,FAE-SWITCH:R10307RN02Q,
485,SW2,NU,FS22ABP ,SW DPDT ON-ON 28V 1A,M-633-FS22ABP ,THT,FAE-SWITCH:FS22ABP,NOT MOUNTED
486,TVS1,D5V0S1U2LP-7B,M-621-D5V0S1U2LP-7B,"TVS Working voltage 5,5V, Clamping voltage 13V,  40A",D5V0S1U2LP-7B ,SMD,FAE-PROT:D5V0S1U2LP7B,
487,TVS2,SMF10A-E3-08,SMF10A-E3-08 ,"TVS/ESD Working voltage 10V, Clamping voltage 17V, 11.8A",M-78-SMF10A-E3-08 ,SMD,Diode_SMD:D_SMF,
488,TVS3,TVS2200DRVR,TVS2200DRVR,ESD/TV 22V CLAMP,M-595-TVS2200DRVR,SMD,FAE-PROT:SON65P200X200X80-7N,
489,TVS4,D5V0S1U2LP-7B,M-621-D5V0S1U2LP-7B,"TVS Working voltage 5,5V, Clamping voltage 13V,  40A",D5V0S1U2LP-7B ,SMD,FAE-PROT:D5V0S1U2LP7B,
490,TVS5,D5V0S1U2LP-7B,M-621-D5V0S1U2LP-7B,"TVS Working voltage 5,5V, Clamping voltage 13V,  40A",D5V0S1U2LP-7B ,SMD,FAE-PROT:D5V0S1U2LP7B,
491,TVS6,ESD321DPYR,ESD321DPYR ,"TVS/ESD USB2.0 Working voltage 3,6V, Clamping voltage 6,8V, 6A",M-595-ESD321DPYR ,SMD,FAE-DIODES:X1SON-2,
492,TVS7,ESD321DPYR,ESD321DPYR ,"TVS/ESD USB2.0 Working voltage 3,6V, Clamping voltage 6,8V, 6A",M-595-ESD321DPYR ,SMD,FAE-DIODES:X1SON-2,
493,TVS8,NU,SMF10A-E3-08 ,"TVS/ESD Working voltage 10V, Clamping voltage 17V, 11.8A",M-78-SMF10A-E3-08 ,SMD,Diode_SMD:D_SMF,NOT MOUNTED
494,TVS9,D5V0S1U2LP-7B,M-621-D5V0S1U2LP-7B,"TVS Working voltage 5,5V, Clamping voltage 13V,  40A",D5V0S1U2LP-7B ,SMD,FAE-PROT:D5V0S1U2LP7B,
495,TVS10,D5V0S1U2LP-7B,M-621-D5V0S1U2LP-7B,"TVS Working voltage 5,5V, Clamping voltage 13V,  40A",D5V0S1U2LP-7B ,SMD,FAE-PROT:D5V0S1U2LP7B,
496,TVS11,D5V0S1U2LP-7B,M-621-D5V0S1U2LP-7B,"TVS Working voltage 5,5V, Clamping voltage 13V,  40A",D5V0S1U2LP-7B ,SMD,FAE-PROT:D5V0S1U2LP7B,
497,TVS12,D5V0S1U2LP-7B,M-621-D5V0S1U2LP-7B,"TVS Working voltage 5,5V, Clamping voltage 13V,  40A",D5V0S1U2LP-7B ,SMD,FAE-PROT:D5V0S1U2LP7B,
498,TVS13,D5V0S1U2LP-7B,M-621-D5V0S1U2LP-7B,"TVS Working voltage 5,5V, Clamping voltage 13V,  40A",D5V0S1U2LP-7B ,SMD,FAE-PROT:D5V0S1U2LP7B,
499,TVS14,D5V0S1U2LP-7B,M-621-D5V0S1U2LP-7B,"TVS Working voltage 5,5V, Clamping voltage 13V,  40A",D5V0S1U2LP-7B ,SMD,FAE-PROT:D5V0S1U2LP7B,
500,TVS15,D5V0S1U2LP-7B,M-621-D5V0S1U2LP-7B,"TVS Working voltage 5,5V, Clamping voltage 13V,  40A",D5V0S1U2LP-7B ,SMD,FAE-PROT:D5V0S1U2LP7B,
501,TVS16,D5V0S1U2LP-7B,M-621-D5V0S1U2LP-7B,"TVS Working voltage 5,5V, Clamping voltage 13V,  40A",D5V0S1U2LP-7B ,SMD,FAE-PROT:D5V0S1U2LP7B,
502,TVS17,D5V0S1U2LP-7B,M-621-D5V0S1U2LP-7B,"TVS Working voltage 5,5V, Clamping voltage 13V,  40A",D5V0S1U2LP-7B ,SMD,FAE-PROT:D5V0S1U2LP7B,
503,TVS18,D5V0S1U2LP-7B,M-621-D5V0S1U2LP-7B,"TVS Working voltage 5,5V, Clamping voltage 13V,  40A",D5V0S1U2LP-7B ,SMD,FAE-PROT:D5V0S1U2LP7B,
504,TVS19,D5V0S1U2LP-7B,M-621-D5V0S1U2LP-7B,"TVS Working voltage 5,5V, Clamping voltage 13V,  40A",D5V0S1U2LP-7B ,SMD,FAE-PROT:D5V0S1U2LP7B,
505,TVS20,SMF10A-E3-08,SMF10A-E3-08 ,"TVS/ESD Working voltage 10V, Clamping voltage 17V, 11.8A",M-78-SMF10A-E3-08 ,SMD,Diode_SMD:D_SMF,
506,TVS21,D5V0S1U2LP-7B,M-621-D5V0S1U2LP-7B,"TVS Working voltage 5,5V, Clamping voltage 13V,  40A",D5V0S1U2LP-7B ,SMD,FAE-PROT:D5V0S1U2LP7B,
507,TVS22,D5V0S1U2LP-7B,M-621-D5V0S1U2LP-7B,"TVS Working voltage 5,5V, Clamping voltage 13V,  40A",D5V0S1U2LP-7B ,SMD,FAE-PROT:D5V0S1U2LP7B,
508,TVS23,D3V3F8U9LP3810-7,D3V3F8U9LP3810-7,"Signal protection IC, 3.3V, Vclamp 5V, 8channels, 5A",M-621-D3V3F8U9LP3810-7 ,SMD,Package_DFN_QFN:Diodes_UDFN3810-9_TYPE_B,
509,U1,TPS25730DREFR,TPS25730DREFR,USB TYPE-C Interface  and Power Delivery (PD) controller,M-595-TPS25730DREFR ,SMD,FAE-IC:TPS25730DREFR,
510,U2,BQ25798RQMR,BQ25798RQMR,"Battery Management IÂ²C controlled, 1-4-cell, 5-A buck-boost solar battery charger with dual-input selector and MPPT",M-595-BQ25798RQMR,SMD,FAE-PWR:BQ25798RQMR,
511,U3,ISL28022FUZ,ISL28022FUZ ,"Current & Power Monitors & Regulators high/low I2C digital power monitor, 0-60V, 700uA",M-968-ISL28022FUZ ,SMD,FAE-IC:SOP50P490X110-10N,
512,U4,ISL28022FUZ,ISL28022FUZ ,"Current & Power Monitors & Regulators high/low I2C digital power monitor, 0-60V, 700uA",M-968-ISL28022FUZ ,SMD,FAE-IC:SOP50P490X110-10N,
513,U5,TPS552872RYQR,TPS630702RNMR,"BUCK-BOOST - 3-36Vin, 0.8-22Vout, 4A, 2.2MHz",M-595-TPS552872RYQR,SMD,FAE-PWR:TPS552892QWRYQRQ1,
514,U6,TPS552872RYQR,TPS630702RNMR,"BUCK-BOOST - 3-36Vin, 0.8-22Vout, 4A, 2.2MHz",M-595-TPS552872RYQR,SMD,FAE-PWR:TPS552892QWRYQRQ1,
515,U7,TPS62142,TPS62142RGTT,"BUCK 3-17Vin, 3.3Vout, 2A",M-595-TPS62142RGTT ,SMD,FAE-PWR:QFN50P300X300X100-17N-D,
516,U8,TPS3823-33DBVR,TPS3823-33DBVR ,Supervisory Circuits  5V,M-595-TPS3823-33DBVR ,SMD,Package_TO_SOT_SMD:SOT-23-5,
517,U9,TLC59711PWPR,TLC59711PWPR ,"12-Channel, 16-Bit, Enhanced Spectrum PWM, RGB, LED,18V/60mA - 16Bit/12Ch",M-595-TLC59711PWPR ,SMD,FAE-IC:SOP65P640X120-21N,
518,U10,AD8541ARTZ,TXS0102DQER,"OPAMP 2.7-5V, 1MHz, SOT-23",M-584-AD8541ARTZ-R7 ,SMD,Package_TO_SOT_SMD:SOT-23-5,
519,U11,TXS0102DQER,TXS0102DQER,"2 port  , 1.65V-3.6V A, 2.3-5.5 B",M-595-TXS0102DQER ,SMD,FAE-IC:SON35P100X140X40-8N,
520,U12,BGA725L6E6327FTSA1,BGA725L6E6327FTSA1,"Low noise amplifier GNSS, 1550- 1615 MHz, 20dB gain 1.5V to 3.6V",M-726-BGA725L6E6327FTS,SMD,FAE-IC:BGS12SN6E6327XTSA1,
521,U13,B39162B9416K610,B39162B9416K610 ,"SAW Filters - 1.57542GHz, 50OHm,",M-871-B39162B9416K610 ,SMD,FAE-SIGNAL:B39162B9416K610,
522,U14,74LV4066PW,"74LV4066PW,118 ","4 Port analog switch, 1-6V",M-771-LV4066PW118 ,SMD,FAE-IC:SOP65P640X110-14N,
523,U15,BME280,BME280,"Humidity, temperature and pressure sensor, 1.7-3.6V",M-262-BME280 ,SMD,FAE-SENS:PSON65P250X250X100-8N,
524,U16,KXTJ3-1057,KXTJ3-1057 ,"Tri-axis Â±2g, Â±4g, Â±8g, or Â±16g accelerometer, 1.71-3.6V supply, I2C, 8-12-14 bit resolution",M-912-KXTJ3-1057 ,SMD,FAE-SENS:LGA12_2X2X0.9_KNX-M,
525,U17,AD8541ARTZ,TXS0102DQER,"OPAMP 2.7-5V, 1MHz, SOT-23",M-584-AD8541ARTZ-R7 ,SMD,Package_TO_SOT_SMD:SOT-23-5,
526,U18,TXS0102DQER,TXS0102DQER,"2 port  , 1.65V-3.6V A, 2.3-5.5 B",M-595-TXS0102DQER ,SMD,FAE-IC:SON35P100X140X40-8N,
527,U19,MCP6022-I/SN,MCP6022-I/SN,"OPAMP 2.5-5.5V, 10MHz, SOIC-8",M-579-MCP6022-I/SN ,SMD,FAE-IC:SOIC127P600X175-8N,
528,U20,LTC1966IMS8,LTC1966IMS8#PBF ,"RMS-to-DC converter, 2.7-5.5V/+-5.5V, 800KHz-3dB",M-584-LTC1966IMS8#PBF ,SMD,FAE-IC:SOP65P490X110-8N,
529,U21,CMM-2718AT-42316-TR,CMM-2718AT-42316-TR ,"Microphone, 94dB,1KHz",M-490-CMM2718AT42316TR  ,SMD,FAE-SENS:CMM2718AT42316TR,
530,U22,MCP6022-I/SN,MCP6022-I/SN,"OPAMP 2.5-5.5V, 10MHz, SOIC-8",M-579-MCP6022-I/SN ,SMD,FAE-IC:SOIC127P600X175-8N,
531,U23,MAX5805BAUB+T,MAX5805BAUB+T,"DAC 12bit, 2.7-5V, I2C",M-700-MAX5805BAUB+T ,SMD,FAE-IC:SOP50P490X110-10N,
532,U24,AD8541ARTZ,TXS0102DQER,"OPAMP 2.7-5V, 1MHz, SOT-23",M-584-AD8541ARTZ-R7 ,SMD,Package_TO_SOT_SMD:SOT-23-5,
533,U25,AD8541ARTZ,TXS0102DQER,"OPAMP 2.7-5V, 1MHz, SOT-23",M-584-AD8541ARTZ-R7 ,SMD,Package_TO_SOT_SMD:SOT-23-5,
534,U26,AD8541ARTZ,TXS0102DQER,"OPAMP 2.7-5V, 1MHz, SOT-23",M-584-AD8541ARTZ-R7 ,SMD,Package_TO_SOT_SMD:SOT-23-5,
535,U27,TXS0102DQER,TXS0102DQER,"2 port  , 1.65V-3.6V A, 2.3-5.5 B",M-595-TXS0102DQER ,SMD,FAE-IC:SON35P100X140X40-8N,
536,U28,TXS0102DQER,TXS0102DQER,"2 port  , 1.65V-3.6V A, 2.3-5.5 B",M-595-TXS0102DQER ,SMD,FAE-IC:SON35P100X140X40-8N,
537,U29,TXS0102DQER,TXS0102DQER,"2 port  , 1.65V-3.6V A, 2.3-5.5 B",M-595-TXS0102DQER ,SMD,FAE-IC:SON35P100X140X40-8N,
538,U30,TXS0102DQER,TXS0102DQER,"2 port  , 1.65V-3.6V A, 2.3-5.5 B",M-595-TXS0102DQER ,SMD,FAE-IC:SON35P100X140X40-8N,
539,U31,MCP6022-I/SN,MCP6022-I/SN,"OPAMP 2.5-5.5V, 10MHz, SOIC-8",M-579-MCP6022-I/SN ,SMD,FAE-IC:SOIC127P600X175-8N,
540,U32,REF5025AIDR,REF5025AIDR,"2.5V REFERENCE VOLTAGE, 10mA, SOIC",M-595-REF5025AIDR ,SMD,FAE-IC:SOIC127P600X175-8N,
541,U33,ADS1256,ADS1256IDBR,"ADC, 24Bit, 4/8Ch, 5V SSOP-28V",M-595-ADS1256IDBR,SMD,FAE-IC:DB28-M,
542,U34,MCP6022-I/SN,MCP6022-I/SN,"OPAMP 2.5-5.5V, 10MHz, SOIC-8",M-579-MCP6022-I/SN ,SMD,FAE-IC:SOIC127P600X175-8N,
543,U35,MCP6022-I/SN,MCP6022-I/SN,"OPAMP 2.5-5.5V, 10MHz, SOIC-8",M-579-MCP6022-I/SN ,SMD,FAE-IC:SOIC127P600X175-8N,
544,Y1,HCM497680000ABJT,HCM497680000ABJT ,"Crystal 7.680MHz, 18pF",M-695-HCM49-768-U ,SMD,FAE-XTAL:HCM497680000ABJT,